,District,Building name,Last date of residence of the case(s),Related probable/confirmed cases
0,Kwai Tsing,Ching Nga Court,,3940
1,Sham Shui Po,"Tower 2, Heya Green",,3941
2,Yau Tsim Mong,"Tai Ying Building, Cosmopolitan Estates",,3942
3,Eastern,"Block 3, Fullview Garden",,3943
4,Wong Tai Sin,"Lung Tai House, Lower Wong Tai Sin Estate",,3946
5,Sham Shui Po,85A Fuk Wing Street,,3947
6,North,"Ching Yun House, Ching Ho Estate",,3948
7,North,"Ching Yun House, Ching Ho Estate",,3949
8,North,"Yiu Ming House, Wah Ming Estate",,3950
9,Islands,"Mun Wo House, Mun Tung Estate",,3951
10,Kwai Tsing,"Hong Kwai House, Cheung Hong Estate",,3952
11,Sha Tin,"Yan Hei House, Yan On Estate",,3953
12,Kowloon City,"Tak Shan House, Tak Long Estate",,3954
13,Kwai Tsing,"Hong Kwai House, Cheung Hong Estate",,3955
14,Sham Shui Po,"Tower 1, The Sparkle",,3956
15,Eastern,"Block 3, Harmony Garden",,3957
16,Eastern,"Tang Kung Mansion, Kam Din Terrace, Taikoo Shing",,3958
17,Yau Tsim Mong,"Cam Key Mansion, 489 Shanghai Street",,3959
18,Yuen Long,"Yau Pok Road, Tai Sang Wai",,3960
19,Sai Kung,"Tak Chak House, Hau Tak Estate",,3961
20,Sham Shui Po,Wo Fung Building,,3962
21,Sham Shui Po,Wo Fung Building,,3963
22,North,"Choi Wah House, Choi Yuen Estate",,3964
23,Sai Kung,"Tower 5B, Wings At Sea, LOHAS Park",,3965
24,Yuen Long,"Yin Ping House, Long Ping Estate",,3966
25,Yuen Long,"Yin Ping House, Long Ping Estate",,3967
26,Yuen Long,"Yau Pok Road, Tai Sang Wai",,3968
27,Yuen Long,Wang Chau Fuk Hing Tsuen,,3969
28,Wan Chai,Fook Wo Building,,3970
29,Eastern,"Tang Kung Mansion, Kam Din Terrace, Taikoo Shing",,3971
30,Kwun Tong,"Block 6, Shun Lee Disciplined Services Quarters",,3972
31,Yau Tsim Mong,Lauren Court,,3973
32,Kowloon City,"Block 1, Willow Mansions, Site 3, Whampoa Garden",,3974
33,North,"Tin Cheung House, Tin Ping Estate",,3975
34,Tsuen Wan,The Blue Yard,,3976
35,Yuen Long,Tung Chan Wai,,3977
36,Kwai Tsing,"Ching Mui House, Cheung Ching Estate",,3978
37,Kwun Tong,"Ping Sin House, Ping Tin Estate",,3979
38,Yau Tsim Mong,Metropark Hotel Mongkok,,3980
39,Sai Kung,"Tower 6, Le Prestige, LOHAS Park",,3982
40,North,"Tower 1, Wing Fai Centre",,3983
41,North,"Tin Yee House, Tin Ping Estate",,3984
42,Sham Shui Po,"Lai Tin House, Pak Tin Estate",,3985
43,Sham Shui Po,"Lai Tin House, Pak Tin Estate",,3986
44,Sham Shui Po,"Lai Tin House, Pak Tin Estate",,3987
45,Wong Tai Sin,"Kam Hon House, Choi Hung Estate",,3988
46,Wong Tai Sin,"Ching Wo House, Tsz Ching Estate",,3989
47,Southern,TWGHs Jockey Club Sunshine Complex for the Elderly,,3990
48,Sham Shui Po,124 Fuk Wing Street,,3991
49,Sham Shui Po,"Un Lok House, Un Chau Estate",,3992
50,Yuen Long,Fung Chi Tsuen,,3993
51,Sai Kung,"Sheung Lai House, Sheung Tak Estate",,3994
52,Kwun Tong,"Ching Tat House, On Tat Estate",,3995
53,Yau Tsim Mong,Mongkok Building,,3996
54,Kowloon City,"Block D, Loong King Mansion",,3997
55,Kowloon City,"Block D, Loong King Mansion",,3998
56,Kowloon City,"Block D, Loong King Mansion",,3999
57,Yuen Long,Fung Chi Tsuen,,4000
58,Yuen Long,"Shui Sum House, Tin Shui Estate",,4001
59,Sai Kung,"Tower 6, The Beaumount",,4002
60,North,Tai Yuen Tsuen,,4003
61,Sham Shui Po,36 Boundary Street,,4004
62,Tuen Mun,"Leung Yin House, Leung King Estate",,4005
63,Tuen Mun,"Oi Fai House, Yau Oi Estate",,4006
64,Tuen Mun,"Oi Fai House, Yau Oi Estate",,4007
65,Yau Tsim Mong,Best Western Grand Hotel,,4008
66,Eastern,"Lok Hing House, Hing Wah (II) Estate",,4009
67,Sha Tin,"Mei Chuen House, Mei Tin Estate",,4010
68,Sha Tin,"Mei Shek House, Shek Mun Estate",,4011
69,Yuen Long,Fung Chi Tsuen,,4012
70,Sha Tin,"Kam Kei House, Kam Tai Court",,4013
71,North,"Block 7, Flora Plaza",,4021
72,Tsuen Wan,The Blue Yard,,4022
73,Tsuen Wan,The Blue Yard,,4023
74,Tsuen Wan,74 Heung Wo Street,,4024
75,Sai Kung,"Choi Fu House, Choi Ming Court",,4026
76,North,"Ching Yun House, Ching Ho Estate",,4027
77,Sham Shui Po,135 Fuk Wa Street,,4028
78,Sham Shui Po,135 Fuk Wa Street,,4029
79,Kowloon City,"Sik Man House, Ho Man Tin Estate",,4030
80,Sha Tin,"Mei Chuen House, Mei Tin Estate",,4031
81,Yau Tsim Mong,Metropark Hotel Mongkok,,4032
82,Yuen Long,Yau Pok Road,,4033
83,Yuen Long,Tai Kei Leng,,4034
84,Yuen Long,Yau Pok Road,,4035
85,Kowloon City,"Block B, Loong King Mansion",,4036
86,Kwai Tsing,"Ting Fung House, Ning Fung Court",,4037
87,Kowloon City,"Hong Ching House, Kai Ching Estate",,4038
88,Sai Kung,"Yan Kuk House, Yan Ming Court",,4039
89,Sai Kung,"Sheung Lai House, Sheung Tak Estate",,4040
90,Sham Shui Po,85A Fuk Wing Street,,4041
91,Eastern,"Ying Tao House, Tung Tao Court",,4042
92,Kwai Tsing,"Wah Yan House, Ching Wah Court",,4043
93,Eastern,"Ying Tao House, Tung Tao Court",,4044
94,Sham Shui Po,"Tsui Tin House, Pak Tin Estate",,4045
95,Kowloon City,"Sik Man House, Ho Man Tin Estate",,4046
96,Yau Tsim Mong,"Phase 2, Tsui Yuen Mansion",,4047
97,Kowloon City,"King Wing Building, Whampoa Estate",,4048
98,Kowloon City,"Kiu Wai Mansion, 6 Shun Yung Street",,4049
99,Yuen Long,Pok Wai Tsuen,,4050
100,Tai Po,"Hang Wo House, Tai Wo Estate",,4051
101,Tsuen Wan,"Block B, Shek To House, Shek Wai Kok Estate",,4052
102,Islands,Shui Hau Village,,4053
103,Wong Tai Sin,"Pak Hung House, Choi Wan (I) Estate",,4054
104,Kwun Tong,"Block 3, Yue Man Centre",,4055
105,Yuen Long,"Block 1, Ho Shun King Building",,4056
106,Yuen Long,Yau Pok Road,,4056
107,Yuen Long,Tai Kong Po,,4057
108,Yuen Long,Yau Pok Road,,4058
109,Yuen Long,"Tsz Yan House, Tin Tsz Estate",,4059
110,Yuen Long,"Heng Kin House, Tin Heng Estate",,4060
111,Kwun Tong,"Sheung Shing House, Upper Ngau Tau Kok Estate",,4062
112,Yuen Long,"Chak Fai House, Tin Chak Estate",,4063
113,North,"Tin Cheung House, Tin Ping Estate",,4064
114,Kwun Tong,"Kai Shing House, Kai Yip Estate",,4065
115,Kwai Tsing,"Ching Mui House, Cheung Ching Estate",,4066
116,Kowloon City,"Hung Fai House, Hung Hom Estate",,4068
117,Kowloon City,"Block G, Wei King Building",,4069
118,Sha Tin,"Wing Shui House, Lek Yuen Estate",,4070
119,Wong Tai Sin,"Tower 8, The Latitude",,4071
120,Kwun Tong,"Kai Shing House, Kai Yip Estate",,4072
121,Yau Tsim Mong,iclub Mong Kok Hotel,,4073
122,Sai Kung,"Tower 1B, Wings At Sea, LOHAS Park",,4074
123,Yuen Long,On Wing Building,,4075
124,Kwun Tong,"Block 6, Shun Lee Disciplined Services Quarters",,4076
125,Islands,"Mun Wo House, Mun Tung Estate",,4077
126,Islands,"Mun Wo House, Mun Tung Estate",,4078
127,Tsuen Wan,L'hotel Nina et Convention Centre,,4079
128,Kowloon City,In House,,4080
129,Wong Tai Sin,"Wang Mei House, Tin Wang Court",,4081
130,Tuen Mun,"Siu Keung House, Siu Kwai Court",,4082
131,Central & Western,Kin On Commercial Building,,4083
132,Wong Tai Sin,"Lung Lok House, Lower Wong Tai Sin (II) Estate",,4084
133,Kwun Tong,"Kai Shing House, Kai Yip Estate",,4085
134,Kowloon City,"Chung Man House, Oi Man Estate",,4086
135,Eastern,"Block 2, Cheerful Garden",,4087
136,Eastern,"Block 1, Fullview Garden",,4088
137,Wong Tai Sin,"Pak Yuen House, Chuk Yuen North Estate",,4089
138,Islands,"Him Yat House, Yat Tung (II) Estate",,4090
139,Wong Tai Sin,"Kam Hon House, Choi Hung Estate",,4091
140,Yau Tsim Mong,Lauren Court,,4092
141,Wong Tai Sin,"Lung Tai House, Lower Wong Tai Sin (II) Estate",,4093
142,Wong Tai Sin,"Lung Tai House, Lower Wong Tai Sin (II) Estate",,4094
143,Wong Tai Sin,"Lung Tai House, Lower Wong Tai Sin (II) Estate",,4095
144,Kowloon City,"Tak Cheung House, Tak Long Estate",,4097
145,Yuen Long,"Luen Fat House, Kin Yip Street",,4098
146,Yau Tsim Mong,Tai Kok Tsui Building,,4100
147,Sham Shui Po,"Begonia House, So Uk Estate",,4101
148,Sha Tin,"Block 3, Wai Wah Centre",,4102
149,Tsuen Wan,The Blue Yard,,4103
150,Tai Po,"Hang Wo House, Tai Wo Estate",,4104
151,Yuen Long,Tung Chan Wai,,4105
152,North,"Lai Ming House, Wah Ming Estate",,4106
153,Sham Shui Po,135 Fuk Wa Street,,4107
154,Kowloon City,"Block 1, Willow Mansions, Phase 3, Whampoa Garden",,4108
155,Kowloon City,"Block 1, Willow Mansions, Phase 3, Whampoa Garden",,4109
156,Kowloon City,"Block 1, Willow Mansions, Phase 3, Whampoa Garden",,4110
157,Kwai Tsing,"Ching Mui House, Cheung Ching Estate",,4111
158,Yuen Long,"Yat Long House, Tin Yat Estate",,4112
159,Yuen Long,Yau Pok Road,,4113
160,Sham Shui Po,"Block A, Hung Yu Mansion",,4115
161,Central & Western,Kin On Commercial Building,,4116
162,Yau Tsim Mong,Po Hing Building,,4117
163,Central & Western,Kin On Commercial Building,,4118
164,Islands,"Kam Ho Court, Treasure Bay",,4119
165,Sham Shui Po,"Mei Ying House, Shek Kip Mei Estate",,4121
166,Sham Shui Po,"Block A, Hung Yu Mansion",,4122
167,Sai Kung,"Block C, Sai Kung Town Centre",,4123
168,Sha Tin,"Chung Wo House, Chung On Estate",,4124
169,Wong Tai Sin,"Kam Hon House, Choi Hung Estate",,4126
170,Wong Tai Sin,"Kam Hon House, Choi Hung Estate",,4127
171,Central & Western,Kin On Commercial Building,,4128
172,Wong Tai Sin,"Kam Hon House, Choi Hung Estate",,4129
173,Sai Kung,"Tsui Ming House, Chung Ming Court",,4130
174,Wong Tai Sin,"Kam Hon House, Choi Hung Estate",,4131
175,Tai Po,"Hang Wo House, Tai Wo Estate",,4132
176,Yuen Long,"Block 6, Parkside Villa",,4134
177,Yuen Long,"Tower 3, The Parcville",,4135
178,Tuen Mun,"Oi Tai House, Fu Tai Estate",,4136
179,Eastern,"Sui Tai House, Siu Sai Wan Estate",,4137
180,Kwai Tsing,"Wang Sum House, Cheung Wang Estate",,4138
181,Tuen Mun,"Block 9, Sun Tuen Mun Centre",,4140
182,Yau Tsim Mong,Hing Wah Building,,4141
183,Sham Shui Po,"Cheung Tai House, Cheung Sha Wan Estate",,4142
184,North,"Block 2, Tsui Lai Garden",,4143
185,Kwun Tong,"Choi Yan House, Choi Tak Estate",,4144
186,Yuen Long,"Yan Fuk House, Tin Yan Estate",,4145
187,Tuen Mun,"Block 8, Po Tin Estate",,4147
188,Kwun Tong,"Low Block, Tsui Nam House, Tsui Ping (North) Estate",,4148
189,Central & Western,Tung Hing Mansion,,4149
190,Sham Shui Po,"Block A, Hung Yu Mansion",,4150
191,Sham Shui Po,"Block A, Hung Yu Mansion",,4151
192,Kwai Tsing,"Hong Tai House, Cheung Hong Estate",,4152
193,Wong Tai Sin,"Kam Pik House, Choi Hung Estate",,4154
194,Wong Tai Sin,"Lok Cheung House, Tsz Lok Estate",,4155
195,Tuen Mun,"Wu Boon House, Wu King Estate",,4156
196,Yau Tsim Mong,Lai Shing Building,,4157
197,Kwun Tong,"Ping Shun House, Ping Tin Estate",,4158
198,Yau Tsim Mong,Chung Kin Building,,4159
199,Kwai Tsing,"Nga Kwai House, Kwai Chung Estate",,4160
200,Yau Tsim Mong,"Tower 1B, MacPherson Place",,4161
201,Sham Shui Po,"Lai Sum House, Lai Tsui Court",,4162
202,Kwun Tong,"Ping Chun House, Ping Tin Estate",,4163
203,Kowloon City,"Block 1, Palm Mansions, Phase 4, Whampoa Garden",,4164
204,Kowloon City,"Hung Fai House, Hung Hom Estate",,4165
205,Yau Tsim Mong,"Phase 1, Tsui Yuen Mansion",,4166
206,Tuen Mun,"Block 8, Po Tin Estate",,4168
207,North,"Choi Ngan House, Choi Po Court",,4169
208,Yau Tsim Mong,Yau Shing Mansion,,4170
209,Yuen Long,"Chung Kam House, Tin Chun Court",,4171
210,Yuen Long,Wong Uk Tsuen,,4172
211,Tsuen Wan,"Shek Lin House, Shek Wai Kok Estate",,4173
212,Kowloon City,"Block A, Loong King Mansion",,4174
213,Kwai Tsing,"Fu Wing House, Tai Wo Hau Estate",,4175
214,Sha Tin,"Block 38, City One Shatin",,4176
215,Yuen Long,"Shing Yuk House, Tin Shing Court",,4177
216,Kwai Tsing,"Block 5, Wonderland Villas",,4178
217,Kwun Tong,"Kai Shing House, Kai Yip Estate",,4179
218,Southern,"Fu Ming Yuen, Chi Fu Fa Yuen",,4180
219,Yuen Long,"Hung Foon House, Hung Fuk Estate",,4181
220,Wong Tai Sin,"Block 2, Rhythm Garden",,4183
221,Tuen Mun,"King Fu House, Shan King Estate",,4184
222,Yau Tsim Mong,Shiu Fung Mansion,,4185
223,Kwun Tong,"Hiu Yat House , Hiu Lai Court",,4186
224,Kowloon City,"Lok Fung Lau, Lok Man Sun Chuen",,4187
225,Kowloon City,"Sik Man House, Ho Man Tin Estate",,4188
226,Sai Kung,"Block 4, Beverly Garden",,4189
227,Kwun Tong,"Kai Shing House, Kai Yip Estate",,4190
228,Kwun Tong,"Ping Chun House, Ping Tin Estate",,4191
229,Tuen Mun,"Block 3, Lung Mun Oasis",,4192
230,Kowloon City,"Block C, Grandview Garden",,4193
231,Yuen Long,"Fung Ping House, Long Ping Estate",,4194
232,Sha Tin,"Tower 3, Phase 1, Festival City",,4195
233,Sha Tin,Courtyard By Marriott Hong Kong Sha Tin,,4195
234,Yuen Long,"Full Comfort Court, 426 Yuen Kong",,4196
235,Yuen Long,"Full Comfort Court, 426 Yuen Kong",,4197
236,Wong Tai Sin,"Pak Yuen House, Chuk Yuen (North) Estate",,4198
237,Sai Kung,Tai Wan Village,,4199
238,Kwun Tong,"Ping Chun House, Ping Tin Estate",,4200
239,Sai Kung,"Sheung Ming House , Sheung Tak Estate",,4201
240,Kwun Tong,"Ching Tat House, On Tat Estate",,4202
241,Kwun Tong,"Tat Fu House, Po Tat Estate",,4203
242,Tuen Mun,"Block 1, Po Tin Estate",,4204
243,Yuen Long,"Hung Yuet House, Hung Fuk Estate",,4205
244,Yuen Long,"Shing Yuk House, Tin Shing Court",,4206
245,Yuen Long,"Shing Yuk House, Tin Shing Court",,4207
246,Yuen Long,On Wing Building,,4208
247,Yuen Long,Shung Ching San Tsuen,,4209
248,North,"Choi Ngan House, Choi Po Court",,4210
249,North,"Block 2, Tsui Lai Garden",,4211
250,Yuen Long,Ma Tin Tsuen,,4212
251,Eastern,"May Wah House, Hing Wah (I) Estate",,4213
252,Eastern,Wah Shing Mansion,,4214
253,Wong Tai Sin,"Ching Hong House, Tsz Ching Estate",,4215
254,Kwai Tsing,"Fu Wing House, Tai Wo Hau Estate",,4216
255,Tsuen Wan,"Lok Shan House, Cheung Shan Estate",,4217
256,Tsuen Wan,"Block A, Shek To House, Shek Wai Kok Estate",,4218
257,Wong Tai Sin,"Man Tai House, Tsz Man Estate",,4219
258,Kwai Tsing,"Fu Wing House, Tai Wo Hau Estate",,4220
259,Kwai Tsing,"Ting Fung House, Ning Fung Court",,4221
260,North,Ho Sheung Heung,,4222
261,North,"Block 7, Flora Plaza",,4223
262,Wong Tai Sin,Pang Ching Court,,4223
263,North,"Yin King House, King Shing Court",,4224
264,Kwai Tsing,"Fu Wing House, Tai Wo Hau Estate",,4225
265,Sham Shui Po,"Begonia House, So Uk Estate",,4226
266,Eastern,"May Wah House, Hing Wah (I) Estate",,4227
267,Eastern,"May Wah House, Hing Wah (I) Estate",,4228
268,Eastern,"May Wah House, Hing Wah (I) Estate",,4230
269,Sham Shui Po,Fat Tseung Building,,4231
270,Islands,"Ying Chui House, Ying Tung Estate",,4231
271,Kowloon City,Downtown 38,,4232
272,Kowloon City,67 Sa Po Road,,4233
273,Sai Kung,Tseng Tau Tsuen,,4234
274,Sham Shui Po,Beverly Court,,4235
275,Yuen Long,"Hung Long House, Hung Fuk Estate",,4236
276,Yuen Long,"Hung Long House, Hung Fuk Estate",,4237
277,Yuen Long,"Yat Hoi House, Tin Yat Estate",,4238
278,Tuen Mun,"Kin Tai House, Fu Tai Estate",,4239
279,Central & Western,Garfield Mansion,,4240
280,Kwai Tsing,"Kwai Hei House, Kwai Fong Estate",,4241
281,Tuen Mun,"Tin Lok House, Tin King Estate",,4242
282,Kowloon City,"Block 14, Cherry Mansions, Phase 2, Whampoa Garden",,4243
283,Kwun Tong,"Lam Shek House, Ping Shek Estate",,4244
284,North,"Block 7, Flora Plaza",,4245
285,Kwai Tsing,"Yee Yip House, Tsing Yi Estate",,4247
286,Tsuen Wan,Heung Wo Street,,4248
287,Tsuen Wan,Heung Wo Street,,4249
288,Sham Shui Po,"Block B, Merlin Centre",,4250
289,Tsuen Wan,"Block B, Shek To House, Shek Wai Kok Estate",,4251
290,Yuen Long,"Yan Fuk House, Tin Yan Estate",,4252
291,Sha Tin,Ha Wo Che,,4255
292,Sham Shui Po,"Phase 6, Mei Foo Sun Chuen",,4256
293,Sham Shui Po,"Phase 6, Mei Foo Sun Chuen",,4257
294,Kowloon City,"Sik Man House, Ho Man Tin Estate",,4258
295,Tuen Mun,"Block 8, Po Tin Estate",,4259
296,Sham Shui Po,135 Fuk Wa Street,,4260
297,Yau Tsim Mong,Paradise Square,,4261
298,Tai Po,"Tsui Wo House, Tai Wo Estate",,4262
299,Sham Shui Po,"Block A, Hung Yu Mansion",,4263
300,Yau Tsim Mong,Hung Hay Building,,4264
301,Yuen Long,Shung Ching San Tsuen,,4265
302,Kowloon City,Summit View Kowloon,,4266
303,Sha Tin,"Block 4, Man Lai Court",,4267
304,Sha Tin,"Kam Lan House, Kam Fung Court",,4267
305,Sha Tin,"Estoril Heights, Belair Gardens",,4268
306,Sai Kung,"Tower 7, Alto Residences",,4269
307,Yuen Long,"Lychee Road East, Fairview Park",,4270
308,Kwun Tong,Yen Ning Building,,4271
309,Tuen Mun,"Block 3, Lung Mun Oasis",,4272
310,Eastern,Tai On Building,,4273
311,Sham Shui Po,Fat Tseung Building,,4275
312,Islands,"Ying Chui House, Ying Tung Estate",,4275
313,Sham Shui Po,"Begonia House, So Uk Estate",,4276
314,Tsuen Wan,"Tower 7, Bellagio",,4277
315,Sham Shui Po,"Kam Fai Building, Yee Kuk Street",,4278
316,Southern,"Wah Mei House, Wah Fu (I) Estate",,4279
317,Sham Shui Po,Beverly Court,,4280
318,Kowloon City,"Kin Man House, Oi Man Estate",,4281
319,Kwai Tsing,"Tower 1, The Apex",,4282
320,Eastern,Island Lodge,,4283
321,Yau Tsim Mong,Fortune Court,,4284
322,Central & Western,Tung Hing Mansion,,4285
323,Tuen Mun,"Tin Yue House, Tin King Estate",,4286
324,Kowloon City,"Block 1, Palm Mansions, Phase 4, Whampoa Garden",,4287
325,Yuen Long,"Yuet Wing House, Tin Yuet Estate",,4288
326,Kwun Tong,"Tsui Ying House, Tsui Ping (South) Estate",,4289
327,Wong Tai Sin,Manning Theatre Building,,4290
328,Sham Shui Po,"Gladiolus House, So Uk Estate",,4291
329,Kowloon City,Lok Ka House,,4292
330,North,"Cheung Tak House, Cheung Wah Estate",,4293
331,Kwun Tong,"Lee Foo House, Shun Lee Estate",,4294
332,Yuen Long,Yau Pok Road,,4295
333,Sha Tin,"Block B, Mei Fung House, Mei Lam Estate",,4296
334,Sai Kung,"Yuk King House, King Ming Court",,4297
335,Sai Kung,"Yuk King House, King Ming Court",,4298
336,Wong Tai Sin,"Mei Tung House, Mei Tung Estate",,4299
337,Sham Shui Po,Beverly Court,,4300
338,North,"Phase 3, Po Shu Garden",,4301
339,North,"Phase 3, Po Shu Garden",,4302
340,Wong Tai Sin,"Lung Shun House, Lower Wong Tai Sin Estate",,4302
341,Sha Tin,"Orchid Court, New Town Plaza Phase III",,4303
342,Eastern,Yen Dack Building,,4304
343,Sai Kung,"Tower 7, Alto Residences",,4305
344,Yuen Long,Tai Kei Leng,,4306
345,Yuen Long,Tai Kei Leng,,4307
346,Yuen Long,"Block 6, Emerald Green",,4308
347,Kwun Tong,"Lee Hong House, Shun Lee Estate",,4309
348,Sha Tin,"Estoril Heights, Belair Gardens",,4310
349,Kwun Tong,"Lee Foo House, Shun Lee Estate",,4311
350,Central & Western,"Tower 1, Euston Court",,4312
351,Wong Tai Sin,"Ching Hong House, Tsz Ching Estate",,4313
352,Kwai Tsing,"Tower 1, The Apex",,4315
353,Tai Po,"Shin Tsui House, Fu Shin Estate",,4316
354,Kowloon City,"Hung Fai House, Hung Hom Estate",,4317
355,Islands,"Kam Ho Court, Treasure Bay",,4318
356,Sham Shui Po,"Tsui Tin House, Pak Tin Estate",,4319
357,Sham Shui Po,"Begonia House, So Uk Estate",,4320
358,Sham Shui Po,"Begonia House, So Uk Estate",,4321
359,Sham Shui Po,"Begonia House, So Uk Estate",,4322
360,Wong Tai Sin,"Pak Yuen House, Chuk Yuen North Estate",,4323
361,Wong Tai Sin,"Shun Tin House, Shatin Pass Estate",,4323
362,Sham Shui Po,Cheng Fai Building,,4324
363,Kwai Tsing,"Hong Kwai House, Cheung Hong Estate",,4325
364,Kwai Tsing,"Nga Kwai House, Kwai Chung Estate",,4326
365,Sham Shui Po,"Fu Sing House, Fu Cheong Estate",,4327
366,Sham Shui Po,Kam Fai Building,,4328
367,Yau Tsim Mong,Wah Sun Building,,4329
368,Wong Tai Sin,"Lok On House, Tsz Lok Estate",,4330
369,Kwai Tsing,"Yiu Yam House, On Yam Estate",,4331
370,Sha Tin,Kwai Tei New Village,,4332
371,Southern,"Tung Hing House, Lei Tung Estate",,4333
372,Yuen Long,"Block 6, Emerald Green",,4334
373,Tuen Mun,"Block 9, Pearl Island Garden",,4335
374,Southern,"Wah Ming House, Wah Fu (I) Estate",,4336
375,Yuen Long,"Hor Ping House, Long Ping Estate",,4337
376,Islands,"Cherish Court, Peninsula-Vl-Capeland, Phase 4, Discovery Bay",,4338
377,Tuen Mun,"Tin Yue House, Tin King Estate",,4339
378,Eastern,"Fu Dat Court, Fortress Garden",,4341
379,Sham Shui Po,Nam Wan Building,,4342
380,North,Wo Hop Shek Village,,4342
381,Kwai Tsing,"Fu Yin House, Tai Wo Hau Estate",,4343
382,Kowloon City,"Block A, Loong King Mansion",,4344
383,Kowloon City,"Block A, Loong King Mansion",,4345
384,Sha Tin,"Block 38, City One Shatin",,4346
385,Tsuen Wan,Heung Wo Street,,4347
386,Yau Tsim Mong,Yau Shing Mansion,,4348
387,Yau Tsim Mong,"Phase 1, Tsui Yuen Mansion",,4349
388,Yau Tsim Mong,Yau Shing Mansion,,4350
389,Yau Tsim Mong,Yau Shing Mansion,,4351
390,Wong Tai Sin,"Ching Hong House, Tsz Ching Estate",,4352
391,Wong Tai Sin,"Ching Hong House, Tsz Ching Estate",,4353
392,Yuen Long,"Fung Ping House, Long Ping Estate",,4354
393,Yuen Long,"Fung Ping House, Long Ping Estate",,4355
394,Kwai Tsing,"Yam Hing House, Shek Yam East Estate",,4357
395,North,"Choi Ngan House, Choi Po Court",,4358
396,Yuen Long,"Hung Shing House, Hung Fuk Estate",,4359
397,Yuen Long,"Yiu Chak House, Tin Yiu Estate",,4365
398,Yuen Long,Tai Yuen Villa,,4366
399,Tai Po,"Ng Tung Chai, Lam Tsuen",,4368
400,Kwun Tong,"Tsui Ying House, Tsui Ping (South) Estate",,4369
401,Sai Kung,"Po Kan House, Po Lam Estate",,4370
402,Sham Shui Po,"Block 2, Prince Centre",,4371
403,Kwun Tong,"Tsui Ying House, Tsui Ping (South) Estate",,4372
404,Tuen Mun,"High Block, King Fu House, Shan King Estate",,4373
405,Tuen Mun,Chung Uk Tsuen,,4374
406,Tuen Mun,"Hei Tin House, Yan Tin Estate",,4375
407,Sha Tin,"Tower 1, Marbella",,4376
408,Kowloon City,"Tower 3, The Astoria",,4377
409,Kwun Tong,"Tsui Ying House, Tsui Ping (South) Estate",,4378
410,Eastern,Fu Shing Court,,4379
411,Tuen Mun,"Yan Tai House, Fu Tai Estate",,4380
412,Tuen Mun,"Low Block, Wu Yuet House, Wu King Estate",,4381
413,Tai Po,Nga Yiu Tau,,4382
414,Kowloon City,"Kin Man House, Oi Man Estate",,4383
415,Tuen Mun,"Kin Tai House, Fu Tai Estate",,4384
416,Central & Western,Tung Hing Mansion,,4385
417,Kwun Tong,"Tat Fu House, Po Tat Estate",,4386
418,Kwun Tong,"Hiu Yat House, Hiu Lai Court",,4387
419,Eastern,Wah Shing Mansion,,4388
420,Kwai Tsing,"Fu Wing House, Tai Wo Hau Estate",,4389
421,Kowloon City,"Lok Fung Lau, Lok Man Sun Chuen",,4390
422,Kwun Tong,"Ping Chun House, Ping Tin Estate",,4391
423,Sha Tin,"Mei Chi House, Mei Tin Estate",,4393
424,Sham Shui Po,"Block 2, Prince Centre",,4394
425,Eastern,"Block 3, Harmony Garden",,4395
426,North,Century Court,,4396
427,Wong Tai Sin,"Pak Yuen House, Chuk Yuen North Estate",,4397
428,Kwun Tong,"Tin Yiu House, Shun Tin Estate",,4398
429,Wong Tai Sin,"Lok On House, Tsz Lok Estate",,4399
430,Wong Tai Sin,"Lok On House, Tsz Lok Estate",,4400
431,Wan Chai,Haven Court,,4401
432,Wan Chai,27 Queen's Road East,,4402
433,Kowloon City,"Block 3, Chung Nam Mansion",,4403
434,Sha Tin,"Tower 4, Man Lai Court",,4404
435,Sha Tin,"Kam Lan House, Kam Fung Court",,4404
436,Yau Tsim Mong,Novotel Nathan Road Kowloon Hong Kong,,4405
437,Yau Tsim Mong,Novotel Nathan Road Kowloon Hong Kong,,4406
438,Yau Tsim Mong,The Luxe Manor,,4407
439,Sham Shui Po,"Cheung Tai House, Cheung Sha Wan Estate",,4409
440,Kwun Tong,"Sau Tak House, Sau Mau Ping South Estate",,4410
441,Sha Tin,"Fung Shek House, Shek Mun Estate",,4411
442,Tuen Mun,"Tin Yue House, Tin King Estate",,4412
443,Tsuen Wan,Indi home,,4413
444,Kwai Tsing,Kwai Chung Container Terminal,,4414
445,Islands,Pak Lee Villa,,4415
446,Southern,"Pik Long House, Shek Pai Wan Estate",,4416
447,Tuen Mun,"Wing Lun House, Siu Lun Court",,4417
448,Kwai Tsing,Kwai Chung Container Terminal,,4418
449,Kowloon City,99 Maidstone Road,,4419
450,Kwai Tsing,Kwai Chung Container Terminal,,4420
451,Tuen Mun,"Block 12, Yuet Wu Villa",,4421
452,North,Ho Sheung Heung,,4422
453,North,Ho Sheung Heung,,4423
454,Tai Po,"Sun Wo House, Tai Wo Estate",,4424
455,Kowloon City,"Ka Lei Lau, Ka Wai Chuen",,4425
456,Yuen Long,"Hor Ping House, Long Ping Estate",,4426
457,Eastern,Continental Mansion,,4427
458,Wong Tai Sin,"Hong Kin House, Tsz Hong Estate",,4428
459,Sha Tin,"Golden Healthy Court, Phase 1, Golden Lion Garden",,4429
460,Tuen Mun,"Tin Yue House, Tin King Estate",,4430
461,Tuen Mun,"Tin Yue House, Tin King Estate",,4431
462,Yuen Long,"Block A, Ho Shun Tai Building",,4432
463,Yuen Long,"Hor Ping House, Long Ping Estate",,4433
464,Yuen Long,"Block C, Leung Choy Building",,4434
465,Sha Tin,"Estoril Heights, Belair Gardens",,4435
466,Southern,"Tung Cheong House, Lei Tung Estate",,4436
467,Eastern,"Oi Chak House, Oi Tung Estate",,4437
468,Tai Po,"Shin Tsui House, Fu Shin Estate",,4438
469,Tai Po,"Shin Tsui House, Fu Shin Estate",,4439
470,Tuen Mun,"Block 11, Lung Mun Oasis",,4440
471,Tuen Mun,"Block 3, Pierhead Garden",,4441
472,Sham Shui Po,1 Wing Lung Street,,4442
473,Kwai Tsing,Kwai Chung Container Terminal,,4443
474,Kwai Tsing,Kwai Chung Container Terminal,,4444
475,Kwai Tsing,Kwai Chung Container Terminal,,4445
476,Tuen Mun,"Leung Wai House, Leung King Estate",,4446
477,Sha Tin,Kwai Tei New Village,,4447
478,Tuen Mun,"Tower 1, Phase 2, Tai Hing Gardens",,4448
479,Sha Tin,"Sun Fong House, Sun Chui Estate",,4449
480,Kwai Tsing,"Block 6, Kwai Shing West Estate",,4450
481,Tuen Mun,"Wu Yuet House, Wu King Estate",,4451
482,Tuen Mun,"Luk Tin House, Yan Tin Estate",,4452
483,Yuen Long,"Tower 2, Crystal Park",,4453
484,Kwai Tsing,Rambler Oasis Hotel,,4454
485,Kwai Tsing,Kwai Chung Container Terminal,,4454
486,Tuen Mun,"Chun Yu House, Sam Shing Estate",,4455
487,Yuen Long,"Heng Cheuk House, Tin Heng Estate",,4456
488,Kwai Tsing,"Kai Him Lau, Cho Yiu Chuen",,4457
489,Wong Tai Sin,"Pak Fung House, Choi Wan Estate",,4458
490,Tuen Mun,"Tower 1, Century Gateway",,4459
491,Southern,Yen Ching Building,,4460
492,Tuen Mun,"Block 2, Po Tin Estate",,4461
493,Tuen Mun,"Wu Yuet House, Wu King Estate",,4462
494,Kwai Tsing,Kam Heng Building,,4463
495,Tuen Mun,"Tower 2, Ori",,4467
496,Sai Kung,Sea Breeze Villa,,4468
497,Kowloon City,"Block 8, Lily Mansions, Site 9, Whampoa Garden",,4469
498,Eastern,"Ngar Tsui House, Hiu Tsui Court",,4470
499,Wong Tai Sin,"Chu Fung House, Fung Tak Estate",,4471
500,Yuen Long,"Hing Fook Building, 19 Ping Wui Street",,4472
501,Kowloon City,"Tower 5, Oasis Kai Tak",,4473
502,Sham Shui Po,"Gladiolus House, So Uk Estate",,4474
503,Eastern,"Block 5, Harmony Garden",,4475
504,Sham Shui Po,Beverly Court,,4476
505,Kowloon City,"Tower 5, Oasis Kai Tak",,4477
506,Yau Tsim Mong,Hung Hay Building,,4478
507,Sham Shui Po,Kam Fai Building,,4479
508,Tuen Mun,"Block 2, Pierhead Garden",,4480
509,Yau Tsim Mong,"Phase 1, Tsui Yuen Mansion",,4481
510,Yau Tsim Mong,Cheung Hing Mansion,,4482
511,Kwun Tong,"Sau Wah House, Sau Mau Ping Estate",,4491
512,Yuen Long,"Tower 7, The Parcville",,4492
513,Eastern,"Block 5, Harmony Garden",,4493
514,North,Ho Sheung Heung,,4494
515,Kwai Tsing,"Lai Ying House, Lai Yan Court",,4495
516,Yuen Long,"Yat Chi House, Tin Yat Estate",,4496
517,Kowloon City,99 Maidstone Road,,4497
518,Sham Shui Po,Yee Wa Building,,4498
519,Sham Shui Po,Yee Wa Building,,4499
520,Tuen Mun,"High Block, King Kwai House, Shan King Estate",,4500
521,North,Ho Sheung Heung,,4501
522,Wong Tai Sin,"Pak Yuen House, Chuk Yuen North Estate",,4502
523,Central & Western,Tung Hing Mansion,,4503
524,Kwai Tsing,"On Chiu House, Cheung On Estate",,4504
525,Sha Tin,The Met. Acappella,,4505
526,Yuen Long,"Yuet Wing House, Tin Yuet Estate",,4510
527,Yuen Long,"Block 6, Emerald Green",,4512
528,Kowloon City,"Kin Man House, Oi Man Estate",,4513
529,Tuen Mun,"Tin Yue House, Tin King Estate",,4514
530,Islands,"Cherish Court, Peninsula-Vl-Capeland, Phase 4, Discovery Bay",,4515
531,Tuen Mun,Po Tong Ha Tsuen,,4517
532,Yuen Long,"Hing Fook Building, 19 Ping Wui Street",,4518
533,Kwai Tsing,"Yam Hing House, Shek Yam East Estate",,4519
534,North,Ho Sheung Heung,,4520
535,Yuen Long,"Block 12, Sereno Verde",,4521
536,Kwun Tong,"Block C1, Telford Gardens",,4522
537,Sham Shui Po,"Gladiolus House, So Uk Estate",,4523
538,Kwun Tong,"Ko On House, Ko Cheung Court",,4524
539,Sham Shui Po,"Gladiolus House, So Uk Estate",,4525
540,Eastern,"May Wah House, Hing Wah (I) Estate",,4526
541,Tsuen Wan,Indi home,,4527
542,Tuen Mun,"Ting Yau House, Siu On Court",,4528
543,Kwun Tong,"Sau Wah House, Sau Mau Ping Estate",,4529
544,Sha Tin,"Herring Gull House, Sha Kok Estate",,4530
545,Yuen Long,Sheung Tsuen,,4532
546,Yuen Long,"Shing Chuen House, Tin Shing Court",,4533
547,Tuen Mun,"Tin Yue House, Tin King Estate",,4534
548,Tuen Mun,"Tin Yue House, Tin King Estate",,4535
549,Yuen Long,"Tower 7, The Parcville",,4536
550,Yuen Long,"Tower 7, The Parcville",,4537
551,Sha Tin,The Met. Acappella,,4538
552,Tai Po,"Greenwich Garden, Kam Shan Village",,4539
553,Tsuen Wan,Indi home,,4540
554,Sha Tin,"Tower 5, Lake Silver",,4541
555,Southern,"Wah Mei House, Wah Fu (I) Estate",,4542
556,Wong Tai Sin,Manning Theatre Building,,4543
557,Southern,"Wah Mei House, Wah Fu (I) Estate",,4544
558,Wong Tai Sin,Manning Theatre Building,,4545
559,Tuen Mun,"San Yin House, San Wai Court",,4546
560,Eastern,"Block B, Healthy Gardens",,4547
561,Tuen Mun,Tsz Tin Tsuen,,4548
562,Kowloon City,"Ka Lei Lau, Ka Wai Chuen",,4549
563,Kowloon City,"Ka Lei Lau, Ka Wai Chuen",,4550
564,Kowloon City,"Ka Lei Lau, Ka Wai Chuen",,4551
565,Yuen Long,"Block A, Ho Shun Tai Building",,4552
566,Wong Tai Sin,"Ching Yi House, Tsz Ching Estate",,4553
567,Yuen Long,"Block C, Leung Choy Building",,4555
568,Yau Tsim Mong,Silka Seaview Hotel,,4556
569,Wan Chai,Cactus Mansion,,4557
570,Wan Chai,20 Swatow Street,,4558
571,Sha Tin,The Met. Acappella,,4559
572,Sha Tin,The Met. Acappella,,4560
573,Yuen Long,"Block 2, Lynwood Court, Kingswood Villas",,4561
574,Yau Tsim Mong,Royal Plaza Hotel,,4562
575,Yau Tsim Mong,Royal Plaza Hotel,,4563
576,Yau Tsim Mong,Royal Plaza Hotel,,4564
577,Kwun Tong,"Kai Shing House, Kai Yip Estate",,4565
578,North,"Choi Ngan House, Choi Po Court",,4566
579,Sham Shui Po,King Yip Building,,4567
580,Yuen Long,"Ching Hei House, Tin Ching Estate",,4568
581,Yau Tsim Mong,Wah Fat Mansion,,4569
582,Yau Tsim Mong,Chung Hing Building,,4570
583,Sai Kung,"Block 4, On Ning Garden",,4571
584,Sai Kung,"Block 4, On Ning Garden",,4572
585,Tai Po,"Heng Yiu House, Fu Heng Estate",,4573
586,Wan Chai,20 Swatow Street,,4574
587,Tuen Mun,"Block 3, Pierhead Garden",,4575
588,Sha Tin,"Golden Healthy Court, Phase 1, Golden Lion Garden",,4576
589,Tuen Mun,"Luk Tin House, Yan Tin Estate",,4577
590,Tuen Mun,Castle Peak Bay Immigration Centre,,4580
591,Yau Tsim Mong,"Tower 1, Island Harbourview",,4581
592,Kwun Tong,"Sau Fu House, Sau Mau Ping Estate",,4582
593,Sha Tin,"Sun Fong House, Sun Chui Estate",,4583
594,Yau Tsim Mong,Novotel Hong Kong Nathan Road Kowloon,,4584
595,Kowloon City,"Hung Fai House, Hung Hom Estate",,4585
596,Sham Shui Po,"Un Lok House, Un Chau Estate",,4586
597,Tuen Mun,"Leung Chun House, Leung King Estate",,4587
598,Yuen Long,"Chak Yun House, Tin Chak Estate",,4588
599,Sha Tin,"Sui Shek House, Shek Mun Estate",,4589
600,Kowloon City,99 Maidstone Road,,4591
601,Yau Tsim Mong,Cheung Hing Mansion,,4592
602,Sha Tin,The Met. Acappella,,4593
603,Kowloon City,"Block 5, Palm Mansions, Phase 4, Whampoa Garden",,4595
604,Yau Tsim Mong,Royal Plaza Hotel,,4596
605,Yuen Long,"Yiu Foo House, Tin Yiu (I) Estate",,4597
606,Tuen Mun,"Leung Chun House, Leung King Estate",,4598
607,Tuen Mun,"King Lai House, Shan King Estate",,4599
608,Sha Tin,"Mei Lok House, Mei Tin Estate",,4600
609,Tai Po,"Heng Yiu House, Fu Heng Estate",,4602
610,Tsuen Wan,"Wing Ting House, Fuk Loi Estate",,4603
611,Sham Shui Po,"Wing Chak House, Chak On Estate",,4604
612,Sham Shui Po,"Phase B, Village Gardens, 19 Fa Po Street",,4605
613,Yuen Long,"Tower 7, The Parcville",,4606
614,Yau Tsim Mong,"Block 5, Prosperous Garden",,4607
615,Kwun Tong,"Sau Chi House, Sau Mau Ping Estate",,4608
616,Sham Shui Po,135 Fuk Wa Street,,4609
617,Islands,Hong Kong Skycity Marriott Hotel,,4610
618,Sha Tin,"Sun Fong House, Sun Chui Estate",,4613
619,Tsuen Wan,"Wing Ting House, Fuk Loi Estate",,4614
620,Sai Kung,"Block 4, On Ning Garden",,4615
621,Yuen Long,"Chung Kam House, Tin Chung Court",,4616
622,Yau Tsim Mong,Wah Fat Mansion,,4617
623,Wan Chai,"Tower A, Elizabeth House",,4624
624,Kwun Tong,"Sau Wah House, Sau Mau Ping Estate",,4626
625,Kowloon City,Tung Hing Building,,4627
626,Tuen Mun,"Block 12, Lung Mun Oasis",,4628
627,Tuen Mun,"Block 3, Marina Garden",,4629
628,Kwai Tsing,Kwai Loong Building,,4630
629,Sha Tin,"Herring Gull House, Sha Kok Estate",,4631
630,Wan Chai,20 Swatow Street,,4632
631,Kwun Tong,"Sau Wah House, Sau Mau Ping Estate",,4633
632,Wong Tai Sin,"Chiu Sin House, Upper Wong Tai Sin Estate",,4634
633,Sai Kung,"Ming Chi House, Ying Ming Court",,4635
634,Kowloon City,Kam Tong Building,,4636
635,Yau Tsim Mong,175A Fa Yuen Street,,4637
636,North,Ping Yeung San Tsuen,,4638
637,Eastern,The Oakridge,,4638
638,Yau Tsim Mong,The Kimberley Hotel,,4639
639,Sham Shui Po,Hand Wai Court,,4640
640,Wong Tai Sin,"Toi Fung House, Fung Tak Estate",,4641
641,Tsuen Wan,"Block L, Allway Gardens",,4642
642,Sai Kung,"Block 4, On Ning Garden",,4643
643,Tai Po,"Heng Yiu House, Fu Heng Estate",,4644
644,Sha Tin,"Herring Gull House, Sha Kok Estate",,4645
645,Tsuen Wan,"Wing Ting House, Fuk Loi Estate",,4646
646,Eastern,The Oakridge,,4647
647,Sai Kung,"King Yu House, King Lam Estate",,4648
648,Yuen Long,"Yiu Foo House, Tin Yiu (I) Estate",,4649
649,Yuen Long,"Shing Yuk House, Tin Shing Court",,4650
650,Yuen Long,"Yiu Foo House, Tin Yiu (I) Estate",,4651
651,Yau Tsim Mong,Rosedale Hotel Kowloon,,4652
652,Kowloon City,"Sik Man House, Ho Man Tin Estate",,4653
653,Yau Tsim Mong,"Tai Shing Building, Cosmopolitan Estates",,4654
654,Kowloon City,"Block 3, Majestic Park",,4655
655,Sham Shui Po,"Tung Wong House, Tai Hang Tung Estate",,4656
656,Tuen Mun,"Ming Wai Building, 8-10 Tuen Mun Heung Sze Wui Road",,4657
657,Tuen Mun,"King Lai House, Shan King Estate",,4658
658,Wong Tai Sin,Tai Shing Street Market (non-residential),25/07/2020,"1439,1599, 1618, 1757, 1914, 2275, 2415, 2423, 2510, 2792"
659,Wong Tai Sin,Hsin Kuang Centre Fulum Palace (non-residential),25/07/2020,"1598, 2298, 2510"
660,Kowloon City,The Whampoa (non-residential),25/07/2020,"1848, 2002, 2244, 2539, 2579, 2739, 3193, 3194"
661,Central & Western,Admiralty Centre Tower 1 (non-residential),25/07/2020,"1864, 1740, 2768"
662,Sham Shui Po,Dragon Centre The Palace (non-residential),25/07/2020,"1864, 2540"
663,Wan Chai,East Point Centre (non-residential),25/07/2020,"2032, 2857, 2943, 2945"
664,Yau Tsim Mong,Chong Hing Square (non-residential),25/07/2020,"2070, 2540"
665,Yau Tsim Mong,South Seas Centre Paramount Banquet Hall (non-residential),25/07/2020,"2083, 2170, 2572"
666,North,Lung Fung Garden Shopping Arcade (non-residential),25/07/2020,"2157, 2178, 2311, 2912"
667,Tai Po,Uptown Plaza McDonald's (non-residential),25/07/2020,"2180, 2696"
668,Sham Shui Po,Eastland Towers Dragon Place Restaurant (non-residential),25/07/2020,"2201, 2358"
669,Kwai Tsing,Tsing Yi South Fire Station (non-residential),25/07/2020,"2391, 2475, 2496, 2723"
670,Tsuen Wan,Tsui Shan House Cheung Shan Estate (non-residential),25/07/2020,"2509, 3117"
671,Tsuen Wan,Tsuen Wan Market (non-residential),25/07/2020,"2624, 2686, 3244"
672,Sha Tin,CityLink Plaza (non-residential),25/07/2020,"2634, 2696"
673,Eastern,HKSH Eastern Medical Centre (non-residential),25/07/2020,"2822, 2854"
674,Kowloon City,25B Hau Wong Road (non-residential),25/07/2020,"3021, 3126"
675,Kwai Tsing,Trans Asia Centre (non-residential),25/07/2020,"3077, 3265"
676,Kowloon City,Ching Long Shopping Centre Golden Phoenix (non-residential),26/07/2020,"1808, 2825"
677,Sha Tin,Hilton Plaza (non-residential),26/07/2020,"2012, 2529, 3456"
678,Sha Tin,Wing Sam House Lung Hang Estate (non-residential),26/07/2020,"2052, 2224, 2795, 2882"
679,Islands,Cathay Pacific Cargo Terminal (non-residential),26/07/2020,"2314, 2848, 3353"
680,Islands,Bela Vista Villa (non-residential),26/07/2020,"3079, 3291, 3492, 3615, 3857"
681,Central & Western,Haking Wong Building The University of Hong Kong Union Restaurant (EAT) (non-residential),26/07/2020,"3432, 3588"
682,Kowloon City,Hong Kong Baptist Hospital (non-residential),27/07/2020,"1314, 1364, 1557, 1644, 1779, 2008, 2960"
683,Wong Tai Sin,Fung Tak Shopping Centre (non-residential),27/07/2020,"1956, 1689, 1963, 1773, 1868, 2891, 3184, 3921"
684,Tuen Mun,"No. 104, 105, 106, 107, 114, 115, G/F, & No. 112-113, Terrace 1, Wong Ka Wai (non-residential)",27/07/2020,"2254, 2543, 2586, 2938, 2975"
685,Wan Chai,Spring Garden Mansion (non-residential),27/07/2020,"2559, 2858"
686,Kwai Tsing,Kwai Fong Plaza Hakka Cuisine (non-residential),27/07/2020,"2602, 2883"
687,Southern,4 Sai On Street (non-residential),27/07/2020,"2754, 2987"
688,Tuen Mun,Richland Garden Shopping Arcade 小桃園餐廳小廚 (non-residential),27/07/2020,"2769, 3265"
689,Kwun Tong,Kwun Tong Plaza Fulum Fisherman's Wharf (non-residential),27/07/2020,"2784, 2833"
690,Tsuen Wan,Kin Shue House Lei Muk Shue Estate (non-residential),27/07/2020,"2919, 2979"
691,Kowloon City,17 Lion Rock Road (non-residential),27/07/2020,"3193, 3194"
692,Sai Kung,The Lane (non-residential),27/07/2020,"3327, 3328"
693,Kowloon City,To Kwa Wan Maket and Government Offices (non-residential),28/07/2020,"1498, 1620, 1716, 1754, 2265, 2296, 2322, 2338, 2496, 2896, 3031, 3183, 3669"
694,Wong Tai Sin,Chuk Yuen Plaza (non-residential),28/07/2020,"1547, 1750, 1939, 2104, 2803, 3183"
695,Wong Tai Sin,Wah Kay House (non-residential),28/07/2020,"1720, 2380, 3002"
696,Kwun Tong,On Tat Shopping Centre (non-residential),28/07/2020,"2283, 2996"
697,Southern,Hong Kong Reese Hotel (non-residential),28/07/2020,"2485, 2987"
698,Sai Kung,Crowne Plaza Hong Kong Kowloon East (non-residential),28/07/2020,"2536, 3390"
699,Wan Chai,Thomson Centre Cheung Hing Kee Shanghai Pan-fried Buns (non-residential),28/07/2020,"2650, 2867, 2899"
700,Sham Shui Po,Smiling Plaza (non-residential),28/07/2020,"2953, 3038, 3831"
701,Eastern,Kornhill Plaza (non-residential),28/07/2020,"3070, 3049"
702,Yau Tsim Mong,K11 MUSEA (non-residential),28/07/2020,"3369, 3441"
703,Yau Tsim Mong,Argyle Centre Phase I (non-residential),29/07/2020,"1315, 1512, 1845, 2010, 2568, 2949, 3052, 3801"
704,Kowloon City,Kowloon City Municipal Services Building (non-residential),29/07/2020,"1918, 3051, 3126"
705,Central & Western,Tong Nam Mansion (non-residential),29/07/2020,"2026, 3432"
706,Kowloon City,Yee On Court (non-residential),29/07/2020,"2289, 2476, 2546, 2722, 3102, 3154, 3165, 3205, 3224, 3321, 3326, 3350, 3368, 3369, 3408, 3441, 3469, 3470, 3487, 3490, 3492, 3517, 3540, 3574, 3578, 3590, 3593, 3665, 3689, 3711, 3712, 3721, 3730, 3755, 4002"
707,Kowloon City,Grand Waterfront Plaza (non-residential),29/07/2020,"2333, 3119"
708,Yau Tsim Mong,Harbour City (non-residential),29/07/2020,"2538, 2790, 3052, 3346, 3492"
709,Yuen Long,One Sky Mall (non-residential),29/07/2020,"2751, 2752, 3220"
710,Sham Shui Po,Stage 2 Mei Foo Sun Chuen Mimikai Café (non-residential),29/07/2020,"2898, 3269"
711,Kowloon City,KCP (non-residential),29/07/2020,"2918, 3517"
712,Kowloon City,Metropark Hotel Kowloon (non-residential),29/07/2020,"2973, 3467"
713,Southern,Gleneagles Hong Kong Hospital (non-residential),29/07/2020,"2980, 3343"
714,Tsuen Wan,Fortune Mansion (non-residential),29/07/2020,"3018, 3353"
715,Sha Tin,Mei Lam Commercial Centre Café de Coral (non-residential),29/07/2020,"3033, 3148, 3839"
716,Central & Western,Tower 2 Centrestage Classified (non-residential),29/07/2020,"3180, 3478"
717,Kwai Tsing,Victory Garden Tai Heung Noodle (non-residential),29/07/2020,"3253, 3472"
718,Wong Tai Sin,Lok Fu Plaza (non-residential),30/07/2020,"1695, 1774, 2191, 2655, 2786, 2792, 3165, 3801"
719,Yau Tsim Mong,Edward Mansion (non-residential),30/07/2020,"1771, 2380, 3171, 3646"
720,Tuen Mun,Tuen Mun Town Plaza (non-residential),30/07/2020,"2153, 2192, 2226, 2319, 3547"
721,Kowloon City,Summit View Kowloon (non-residential),30/07/2020,"2546, 3623"
722,North,Sheung Shui Slaughterhouse (non-residential),30/07/2020,"2671, 2770, 2806, 2849, 2952, 3069, 3149, 3277, 3278, 3279"
723,Sha Tin,Mei Lam Commercial Centre (non-residential),30/07/2020,"2816, 3033, 3066, 3660"
724,Tsuen Wan,Luk Yeung Galleria (non-residential),30/07/2020,"3108, 3249, 3730"
725,Central & Western,United Centre (non-residential),30/07/2020,"3190, 3357, 3559"
726,Wong Tai Sin,86 Shung Ling Street (non-residential),30/07/2020,"3307, 3716"
727,North,16 Lung Sum Avenue (non-residential),30/07/2020,"3382, 3405"
728,Wong Tai Sin,Tsz Wan Shan Shopping Centre Café de Coral (non-residential),31/07/2020,"1514, 1586, 1622, 1756, 1917, 2122, 3656"
729,Sha Tin,Hin Keng Shopping Centre (non-residential),31/07/2020,"1666, 2306, 2310, 3456"
730,Tuen Mun,H.A.N.D.S Shopping Centre (non-residential),31/07/2020,"1763, 1894, 2168, 3640"
731,Kwai Tsing,Kwai Shing East Shopping Centre (non-residential),31/07/2020,"2023, 2514, 2877, 3354"
732,Kwun Tong,Hip Wo House (non-residential),31/07/2020,"2124, 2849, 3535"
733,Yau Tsim Mong,Mong Kok Market (non-residential),31/07/2020,"2195, 3052, 3972"
734,Kwun Tong,Millennium City 3 (non-residential),31/07/2020,"2396, 2434, 2535, 2635, 2720, 2742, 2811, 2822, 2854, 2894, 2927, 2953, 2982, 3231, 3405, 4158"
735,Sha Tin,MOSTown (Phase 4) (non-residential),31/07/2020,"2540, 3067, 3394"
736,Tai Po,Tai Wo Plaza (non-residential),31/07/2020,"2911, 3882"
737,Eastern,H21 Golden Star Seafood Restaurant (non-residential),31/07/2020,"3118, 3495"
738,Kwai Tsing,North Kwai Chung Market (non-residential),31/07/2020,"3161, 3172, 3525"
739,Kwun Tong,Amoy Plaza (non-residential),31/07/2020,"3199, 3213"
740,Kwai Tsing,Cheung Hong Estate Commercial Complex No.1 Hei Yuet Palace (non-residential),31/07/2020,"3247, 3512, 3955, 4111"
741,Yau Tsim Mong,Lee May Building (non-residential),31/07/2020,"3259, 3320, 3369, 3578, 3755"
742,Tuen Mun,Fu Tai Shopping Centre Bao Dim Sin Seng (non-residential),31/07/2020,"3287, 3317"
743,Tuen Mun,V City Xie Xie Nong (non-residential),31/07/2020,"3287, 3317"
744,Wong Tai Sin,Sheung Fung Street Market (non-residential),01/08/2020,"1681, 1862, 3870, 3915"
745,Sai Kung,East Point City (non-residential),01/08/2020,"1751, 2099, 2140, 2330, 3327, 3328, 3424"
746,Tuen Mun,Ocean Walk (non-residential),01/08/2020,"1797, 2153, 3690"
747,Tai Po,Fortune Plaza (non-residential),01/08/2020,"1806, 2090, 2617, 2854, 3496"
748,Kwun Tong,Lei Yue Mun Plaza (non-residential),01/08/2020,"1868, 2425, 2647, 2656, 3056, 3333, 3434"
749,North,Sheung Shui Centre Shopping Arcade (non-residential),01/08/2020,"2542, 3083"
750,Eastern,Metropole Building (non-residential),01/08/2020,"2658, 3398"
751,Tai Po,Kwong Fuk Commercial Centre (non-residential),01/08/2020,"2870, 3496"
752,Tai Po,Zone B Tai Po Mega Mall (non-residential),01/08/2020,"2991, 3504"
753,Kwai Tsing,Cheung Hong Estate Kam Wo Court Café (non-residential),01/08/2020,"3024, 3892"
754,Yuen Long,Harbour Plaza Resort City (non-residential),01/08/2020,"3460, 3818"
755,Yuen Long,Yuen Tat Building 樂怡美食店 (non-residential),01/08/2020,"3480, 3481"
756,Tuen Mun,Waldorf Shopping Centre (non-residential),02/08/2020,"1734, 2192, 4156"
757,Central & Western,The Landmark (non-residential),02/08/2020,"2824, 3539"
758,Kowloon City,Oi Man Market (non-residential),02/08/2020,"2900, 3082, 3575"
759,Tuen Mun,Fu Tai Shopping Centre Green River Restaurant (non-residential),02/08/2020,"2965, 2966, 3550"
760,Yau Tsim Mong,New Mandarin Plaza (non-residential),02/08/2020,"3224, 3470, 3490, 3492, 3923, 4062"
761,Yuen Long,Tin Yan Shopping Centre (non-residential),02/08/2020,"3587, 3772"
762,Sham Shui Po,Wo Fung Building (non-residential),02/08/2020,"3739, 3962, 3963"
763,Kwai Tsing,Hong Kwai House Cheung Hong Estate (non-residential),02/08/2020,"3892, 4111"
764,Sai Kung,Park Central Shopping Centre (non-residential),03/08/2020,"1375, 1437, 1465, 1592, 2370, 2627, 3296, 3593"
765,Eastern,Cityplaza (non-residential),03/08/2020,"1376, 1752, 2787, 3515"
766,Sham Shui Po,Festival Walk (non-residential),03/08/2020,"1594, 1699, 1786, 1896, 2099, 2948, 3515"
767,Kowloon City,Homantin Plaza (non-residential),03/08/2020,"1780, 2476, 3386, 3668"
768,Wong Tai Sin,1 Fu Chi Path (non-residential),03/08/2020,"1831, 2113, 3830"
769,Yau Tsim Mong,Olympian City 2 (non-residential),03/08/2020,"2016, 2783, 3623"
770,Yau Tsim Mong,Hung Cheung Building Hee Wan Café (non-residential),03/08/2020,"2386, 2689, 4166"
771,Wan Chai,Bowrington Road Market (non-residential),03/08/2020,"2387, 2857, 3027, 3384"
772,Kwun Tong,Yau Lai Shopping Centre (non-residential),03/08/2020,"2829, 3593"
773,Kwun Tong,Laguna Plaza (non-residential),03/08/2020,"3051, 3645, 3736"
774,Kwai Tsing,Cheung Fat Plaza (non-residential),03/08/2020,"3371, 3482, 3646"
775,Central & Western,MTR Hong Kong Station (non-residential),03/08/2020,"3484, 3858"
776,Wong Tai Sin,Laurels Industrial Centre (non-residential),03/08/2020,"3530, 3531, 3534, 3700"
777,Wan Chai,Pearl City (non-residential),03/08/2020,"3583, 3619"
778,Yau Tsim Mong,Golden Era Plaza Tastefull Kitchen (non-residential),03/08/2020,"3617, 3715"
779,Yau Tsim Mong,Mainway Court Jun Huang Seafood Restaurant (non-residential),03/08/2020,"3617, 3715"
780,Sham Shui Po,Pei Ho Street Municipal Services Building (non-residential),04/08/2020,"1557, 1608, 1611, 1808, 1852, 1905, 1926, 1927, 2056, 2057, 2140, 2186, 2283, 2292, 2482, 2652, 3156, 3351, 3465, 3765, 3839"
781,Sai Kung,TKO Spot (non-residential),04/08/2020,"1596, 1861, 1983, 2066, 3787"
782,Kwun Tong,APM (non-residential),04/08/2020,"2833, 3198, 3646, 3703"
783,Yau Tsim Mong,Mira Place 2 (non-residential),04/08/2020,"3224, 3346, 3998, 3999"
784,Wong Tai Sin,Rhythm Garden Shopping Centre North Viet Pho (non-residential),04/08/2020,"3307, 3530, 3531, 3716"
785,Wong Tai Sin,San Po Kong Plaza (Shopping Centre) (non-residential),04/08/2020,"3307, 3716"
786,Sai Kung,Metrotown (non-residential),04/08/2020,"3458, 3681"
787,Kwai Tsing,Cheung Hong Estate Market No.2 (non-residential),04/08/2020,"3609, 3892"
788,Wan Chai,Fook Wo Building (non-residential),04/08/2020,"3612, 3542"
789,Yau Tsim Mong,Kowloon Park Sports Centre (non-residential),04/08/2020,"3998, 3999"
790,Wong Tai Sin,Ngau Chi Wan Municipal Services Building (non-residential),05/08/2020,"1371, 1388, 1389, 1394, 1467, 1468, 1523, 1597, 1671, 1710, 1767, 1834, 1854, 2094, 3183, 3438, 3830"
791,Kwun Tong,Shui Wo Street Municipal Services Building (non-residential),05/08/2020,"1512, 1672, 1802, 1884, 2124, 2833, 2849, 2951, 3365, 4148"
792,Yuen Long,Yuen Long Plaza (non-residential),05/08/2020,"1540, 1712, 3844"
793,Sha Tin,Heng On Shopping Centre (non-residential),05/08/2020,"2267, 2697, 3428, 3490, 3953"
794,Sha Tin,MOSTown (non-residential),05/08/2020,"3445, 3642, 3777, 4234"
795,Sha Tin,Shek Mun Shopping Centre (non-residential),05/08/2020,"3642, 3619, 4011"
796,Kwun Tong,Hoi Bun Industrial Building (non-residential),05/08/2020,"3763, 3784"
797,Wan Chai,Connaught Commercial Building (non-residential),05/08/2020,"3837, 3838"
798,Kwai Tsing,Dorsett Tsuen Wan Hong Kong (non-residential),06/08/2020,"1464, 1938, 2519, 2614, 2931, 3777"
799,Sai Kung,TKO Gateway (non-residential),06/08/2020,"1590, 1983, 2123, 2330, 2479, 2572, 2670, 3245, 3328, 3424, 3749, 3787, 4210"
800,Kowloon City,Oi Man Plaza (non-residential),06/08/2020,"2641, 2900, 3761"
801,Yau Tsim Mong,Honland Building (non-residential),06/08/2020,"3583, 4166"
802,Sha Tin,Sha Tin Government Offices (non-residential),06/08/2020,"3620, 3860"
803,Yuen Long,Hung Wan Building (non-residential),06/08/2020,"3968, 4035"
804,Yuen Long,Kin Fai Building (non-residential),06/08/2020,"3968, 4033, 4058"
805,Central & Western,Sai Ying Pun Market (non-residential),06/08/2020,"4116, 4118, 4240"
806,Kwai Tsing,Maritime Square 1 (non-residential),07/08/2020,"1751, 1902, 3130, 3353, 3952, 3978"
807,Wong Tai Sin,Temple Mall (non-residential),07/08/2020,"2201, 2380, 2784, 3308, 3750,4198"
808,Eastern,Java Road Municipal Services Building (non-residential),07/08/2020,"2299, 2468, 4341"
809,Sai Kung,Sheung Tak Plaza (non-residential),07/08/2020,"2473, 2608, 4201"
810,Tuen Mun,Richland Garden Shopping Arcade (non-residential),07/08/2020,"2492, 3265, 4156, 4286"
811,Sai Kung,Tseung Kwan O Plaza (non-residential),07/08/2020,"2537, 2608, 3424, 4002"
812,Kwun Tong,Lei Yue Mun Municipal Services Building (non-residential),07/08/2020,"2634, 2647, 2656, 3908"
813,Sham Shui Po,Mount Sterling Mall (non-residential),07/08/2020,"2771, 3484, 3549, 4257"
814,Wan Chai,Hysan Place (non-residential),07/08/2020,"3165, 3565, 3943"
815,Sai Kung,Hau Tak Shopping Centre (non-residential),07/08/2020,"3327, 3328, 3875"
816,Sha Tin,Sha Tin Market (non-residential),07/08/2020,"3571, 4070"
817,North,Wah Ming Shopping Centre (non-residential),07/08/2020,"3809, 3950, 4106"
818,Central & Western,Kin On Commercial Building (non-residential),07/08/2020,"3909, 4083, 4116, 4118, 4128"
819,Yau Tsim Mong,iSQUARE (non-residential),07/08/2020,"3941, 4001"
820,Tsuen Wan,Skyline Plaza (non-residential),07/08/2020,"3952, 4079"
821,Tsuen Wan,Citywalk (non-residential),07/08/2020,"3976, 4022, 4023"
822,Yau Tsim Mong,Mong Kok Complex (non-residential),07/08/2020,"4039, 4092"
823,Kwun Tong,8 Clear Water Bay Road Infinity Eight (non-residential),08/08/2020,"1322, 1597, 1710, 1869, 2094, 3759, 4154"
824,Kowloon City,Ching Long Shopping Centre (non-residential),08/08/2020,"1695, 2109, 2164, 2448, 3140, 3385, 3876, 4038"
825,Tuen Mun,Fu Tai Shopping Centre (non-residential),08/08/2020,"1731, 2649, 2966, 3287, 4239"
826,Tsuen Wan,Hong Kong Adventist Hospital – Tsuen Wan (non-residential),08/08/2020,"2967, 3558, 3953, 4261"
827,Yau Tsim Mong,Hung Hay Building Sun Kee Chicken Congee (non-residential),08/08/2020,"2973, 3973"
828,Kwai Tsing,Hong Tai House Cheung Hong Estate (non-residential),08/08/2020,"3952, 4043"
829,Central & Western,Sheung Wan Municipal Services Building (non-residential),08/08/2020,3954
830,Kowloon City,17 Ming On Street Sun Fat Restaurant (non-residential),08/08/2020,3974
831,Eastern,Devon House (non-residential),08/08/2020,3975
832,Yau Tsim Mong,The Lamma Tower Floom Floom (non-residential),08/08/2020,"3976, 4022, 4023"
833,Kwun Tong,Telford Plaza I Maxim's Palace (non-residential),08/08/2020,3995
834,Eastern,Kornhill Plaza (South) (non-residential),08/08/2020,4021
835,Central & Western,Albron Court (non-residential),08/08/2020,"4030, 4240"
836,Kwun Tong,Richland Gardens Commercial Building (non-residential),08/08/2020,4038
837,Kwai Tsing,Hong Wo House Cheung Hong Estate Fairwood (non-residential),08/08/2020,4043
838,Kwai Tsing,Mayfair Gardens (non-residential),08/08/2020,4043
839,Yau Tsim Mong,Ocean Terminal (non-residential),08/08/2020,4046
840,Yau Tsim Mong,Ocean Terminal Ebisoba Ichigen (non-residential),08/08/2020,4046
841,Yau Tsim Mong,Ocean Terminal HEXA (non-residential),08/08/2020,4055
842,Wan Chai,Chung Nam Building (non-residential),08/08/2020,4076
843,Islands,Yat Tung Shopping Centre (non-residential),08/08/2020,"4077, 4078"
844,Sham Shui Po,Shek Kip Mei Estate Mei Shan House Tsui Yuen (non-residential),08/08/2020,4101
845,Eastern,Cheerful Garden (non-residential),08/08/2020,4137
846,Kwai Tsing,Cheung Hang Estate Commerical Complex (non-residential),08/08/2020,4138
847,Yau Tsim Mong,Tai Kok Tsui Municipal Service Building (non-residential),08/08/2020,"4159, 4185"
848,Central & Western,Harbour One (non-residential),08/08/2020,4160
849,Kowloon City,Whampoa 108 Shopping Centre (non-residential),08/08/2020,4165
850,Yau Tsim Mong,Wing Shun Building (non-residential),08/08/2020,4166
851,Sha Tin,Yiu On Shopping Centre Maxim's MX (non-residential),08/08/2020,4174
852,Kwun Tong,Kai Tin Shopping Centre Victoria Harbour Restaurant (non-residential),08/08/2020,4200
853,Kwai Tsing,Tak Tai Building (non-residential),08/08/2020,"4216, 4220, 4225"
854,Kwun Tong,Hang On Building (non-residential),08/08/2020,4218
855,Kwun Tong,Mai Hing Building 觀塘雀會 (non-residential),08/08/2020,4218
856,North,8 Lung Sum Avenue (non-residential),08/08/2020,4222
857,Yau Tsim Mong,Po Leung Kuk Camões Tan Siu Lin Primary School (non-residential),08/08/2020,4228
858,Tuen Mun,Po Tin Shopping Centre (non-residential),08/08/2020,4259
859,Yau Tsim Mong,Rammon House TamJai SamGor (non-residential),08/08/2020,4262
860,Eastern,Kin Bong Building (non-residential),08/08/2020,4304
861,Yau Tsim Mong,19-23 Hart Avenue Mochi Café (non-residential),08/08/2020,4368
862,Wan Chai,Golden Hill Commercial Mansion (non-residential),08/08/2020,4368
863,Tsuen Wan,Shek Ho House Shek Wai Kok Estate (non-residential),08/08/2020,4600
864,Sha Tin,Sun Chui Shopping Centre (non-residential),09/08/2020,"1536, 2075, 2294, 4429"
865,Sai Kung,Choi Ming Shopping Centre (non-residential),09/08/2020,"1594, 2627, 4241"
866,Wong Tai Sin,Kam Pik House Choi Hung Estate (non-residential),09/08/2020,"1612, 1671, 2009, 2032, 2766, 2897, 3437, 3438, 4091"
867,Sham Shui Po,So Uk Shopping Centre (non-residential),09/08/2020,"1817, 2922, 4226"
868,Wong Tai Sin,Temple Mall North (non-residential),09/08/2020,"2214, 3129, 3946, 4094"
869,Central & Western,Smithfield Municipal Services Building (non-residential),09/08/2020,"2531, 2753, 4149"
870,Kwai Tsing,Cheung Hong Estate Commercial Complex No.1 (non-residential),09/08/2020,"3512, 3892, 3952, 3978, 4043, 4111"
871,Kwun Tong,MegaBox (non-residential),09/08/2020,"3578, 4084, 4241"
872,Kwai Tsing,Cheung Hong Estate Commercial Complex No.1 Fairwood (non-residential),09/08/2020,4043
873,Kwai Tsing,Tsing Yi Garden (non-residential),09/08/2020,4043
874,Sham Shui Po,Smiling Plaza Ka Ho Restaurant (non-residential),09/08/2020,4115
875,Islands,12 Tai Hing Tai Road 金興餐廳 (non-residential),09/08/2020,4119
876,Yau Tsim Mong,Travelodge Kowloon Marco's Oyster Bar & Grill (non-residential),09/08/2020,4141
877,Tuen Mun,Glorious Garden Market (non-residential),09/08/2020,4192
878,Yuen Long,Hing Fat Building 11 Yu King Square (non-residential),09/08/2020,4212
879,Eastern,Gold Mine Building (non-residential),09/08/2020,"4213, 4228"
880,Tsuen Wan,Sam Wo Building Kowloon Restaurant (non-residential),09/08/2020,4218
881,North,Po Shu Garden Phase 3 (non-residential),09/08/2020,4222
882,Sham Shui Po,So Uk Shopping Centre Tak Hing Yuen Seafood Restaurant (non-residential),09/08/2020,4226
883,Kwun Tong,Sunbeam Centre (non-residential),09/08/2020,4227
884,Wan Chai,Dorsett Wanchai Hong Kong 3T Bar (non-residential),09/08/2020,4232
885,Sham Shui Po,Wing Fat Building (non-residential),09/08/2020,4235
886,Yuen Long,Hung Fuk Estate Auxillary Facilities Block (non-residential),09/08/2020,4236
887,Islands,South Office Block Super Terminal 1 (non-residential),09/08/2020,4255
888,Sham Shui Po,6 Humbert Street 正點心 (non-residential),09/08/2020,4257
889,Sham Shui Po,Lai Wan Market (non-residential),09/08/2020,4257
890,Sha Tin,Chung On Shopping Centre Café de Coral (non-residential),09/08/2020,4267
891,Wan Chai,St. James' Settlement (non-residential),09/08/2020,4318
892,Kwun Tong,Sau Mau Ping Shopping Centre Little Onion (non-residential),09/08/2020,4328
893,Kwai Tsing,On Yam Shopping Centre Grand Restaurant (non-residential),09/08/2020,4331
894,Southern,Wah Fu (II) Commercial Complex (non-residential),09/08/2020,4336
895,Yuen Long,Aster Court (Shopping Centre) (non-residential),09/08/2020,4359
896,Tuen Mun,Blossom Garden Shopping Arcade 雲貴軒米線專門店 (non-residential),09/08/2020,4496
897,Tuen Mun,Kin Sang Estate Commercial Centre (non-residential),09/08/2020,4496
898,Tuen Mun,Venice Shopping Mall Soup Plus (non-residential),09/08/2020,4496
899,Yuen Long,Hop Yick Commercial Centre (non-residential),09/08/2020,4521
900,Sham Shui Po,Tung Wong House Tai Hang Tung Estate (non-residential),09/08/2020,4600
901,Wong Tai Sin,Kwong Fat Building (non-residential),10/08/2020,"1639, 1862, 2187, 4290"
902,Yau Tsim Mong,Grand Plaza (non-residential),10/08/2020,"2164, 2574, 4338"
903,Tai Po,Reve Plaza (non-residential),10/08/2020,"3323, 4163"
904,Tai Po,Fu Shin Shopping Centre (non-residential),10/08/2020,"3873, 4316, 4438"
905,Sham Shui Po,Golden Computer Arcade (non-residential),10/08/2020,"3894, 4338"
906,Yuen Long,Tin Shing Market (non-residential),10/08/2020,4059
907,Sham Shui Po,213 Un Chau Street McDonald's (non-residential),10/08/2020,4121
908,Sham Shui Po,Hung Yu Mansion (non-residential),10/08/2020,4121
909,Yau Tsim Mong,Tat Lee Commercial Building Hot-Star Large Fried Chicken (non-residential),10/08/2020,4150
910,North,Choi Yuen Plaza Café De Coral (non-residential),10/08/2020,4169
911,Yau Tsim Mong,Kowloon Funeral Parlour (non-residential),10/08/2020,4186
912,Kowloon City,78A To Kwa Wan Road Hon Po Restaurant (non-residential),10/08/2020,4187
913,Kowloon City,Braemar Court (non-residential),10/08/2020,4187
914,Kowloon City,Oi Man Plaza KFC (non-residential),10/08/2020,4188
915,Tsuen Wan,CDW Building (non-residential),10/08/2020,4207
916,Tsuen Wan,63 Sham Tseng Village Sham Tseng Chan Kee Roasted Goose (non-residential),10/08/2020,4218
917,North,63A San Fung Avenue (non-residential),10/08/2020,4222
918,Kwai Tsing,Kwai Chung Plaza Fu Wah Café (non-residential),10/08/2020,4263
919,Kwai Tsing,The Star (non-residential),10/08/2020,4266
920,Sha Tin,Chung On Shopping Centre Yoshinoya (non-residential),10/08/2020,4267
921,Sha Tin,Chung On Shopping Centre 八囍牛雜粉麵 (non-residential),10/08/2020,4267
922,Kwun Tong,Amoy Plaza Loving Hut (non-residential),10/08/2020,4271
923,Kwun Tong,Everest Industrial Centre (non-residential),10/08/2020,4271
924,Kwai Tsing,Lai King Estate Car Park (non-residential),10/08/2020,4272
925,Kwun Tong,Kowloonbay International Trade & Exhibition Centre (non-residential),10/08/2020,4275
926,Sham Shui Po,273 Castle Peak Road (non-residential),10/08/2020,4291
927,Yau Tsim Mong,Tai Yau Building Cosmopolitan Estates (non-residential),10/08/2020,4294
928,Eastern,Kin Yip Mansion (non-residential),10/08/2020,4304
929,Sham Shui Po,Cronin Garden (non-residential),10/08/2020,4327
930,Yau Tsim Mong,Olympian City 3 (non-residential),10/08/2020,4338
931,Eastern,Goldfield Mansion (non-residential),10/08/2020,4341
932,Kowloon City,Kaiser Estate Phase I (non-residential),10/08/2020,4344
933,Tuen Mun,7 San On Street (non-residential),10/08/2020,4373
934,Tsuen Wan,Shun Hing Building (non-residential),10/08/2020,"4413, 4540"
935,Wan Chai,One Capital Place (non-residential),10/08/2020,4434
936,Yuen Long,Po Fat Building (non-residential),10/08/2020,4521
937,Yau Tsim Mong,Gala Place (non-residential),11/08/2020,"1610, 1640, 1875, 2027, 2186, 2652, 3291, 4175"
938,Wan Chai,Hong Kong Sanatorium & Hospital (non-residential),11/08/2020,"1848, 2181, 2468, 2522, 2559, 4196, 4341"
939,Tuen Mun,Tai Hing Estate Commercial Complex (non-residential),11/08/2020,"2119, 2939, 3461, 4242"
940,Tuen Mun,Butterfly Plaza Tai Hing (non-residential),11/08/2020,"3156, 4381"
941,Yau Tsim Mong,Mong Kok Building (non-residential),11/08/2020,"3996, 4264"
942,Tsuen Wan,On Fung Building (non-residential),11/08/2020,"4024, 4340"
943,Kwun Tong,Domain (non-residential),11/08/2020,4151
944,Wan Chai,2 Leighton Road (non-residential),11/08/2020,4175
945,Wan Chai,Times Square (non-residential),11/08/2020,"4175, 4119"
946,Kwun Tong,Hiu Lai Shopping Centre 榮發風味美食餐廳 (non-residential),11/08/2020,4186
947,Sham Shui Po,407 Un Chau Street 龍興燒臘茶餐廳 (non-residential),11/08/2020,4191
948,Kwun Tong,Kai Tin Shopping Centre (non-residential),11/08/2020,"4191, 4200"
949,Central & Western,The Centrium (non-residential),11/08/2020,4191
950,Kwai Tsing,13 Kwai Wing Road 連文記大排檔 (non-residential),11/08/2020,4203
951,Kwun Tong,Crocodile Center The Graces Restaurant (non-residential),11/08/2020,4203
952,Eastern,Chai Wan Municipal Services Building (non-residential),11/08/2020,4230
953,Kowloon City,Lux Theatre Building (non-residential),11/08/2020,4234
954,Kwun Tong,Wah Shing Centre (non-residential),11/08/2020,4241
955,Wan Chai,128 Wan Chai Road (non-residential),11/08/2020,4242
956,Wan Chai,Lucky House (non-residential),11/08/2020,4242
957,Sham Shui Po,150 Castle Peak Road Sum Kee Beef Noodles Shop (non-residential),11/08/2020,4263
958,Yau Tsim Mong,Fa Yuen Street Municipal Services Building (non-residential),11/08/2020,4264
959,Sha Tin,Lek Yuen Estate 百樂麵包製造店 (non-residential),11/08/2020,4267
960,Wan Chai,Hopewell Centre (non-residential),11/08/2020,4269
961,Central & Western,IFC Mall (non-residential),11/08/2020,4303
962,Yuen Long,140 On Ning Road (non-residential),11/08/2020,4337
963,Islands,12 Po Peng Street (non-residential),11/08/2020,4338
964,Tuen Mun,Taoist Ching Chung Primary School (non-residential),11/08/2020,4373
965,Sha Tin,The Salvation Army Jat Min Nursery School (non-residential),11/08/2020,4382
966,Tsuen Wan,Golden Bear Industrial Centre (non-residential),11/08/2020,4412
967,Sham Shui Po,Cheung Sha Wan Wholesale Vegetable Market (non-residential),11/08/2020,4476
968,Wong Tai Sin,Tsz Wan Shan Shopping Centre (non-residential),12/08/2020,"1311, 1312, 1404, 1444, 1477, 1491, 1507, 1508, 1520, 1538, 1549, 1555, 1556, 1564, 1565, 1570, 1579, 1583, 1586, 1588, 1601, 1603, 1604, 1622, 1637, 1643, 1667, 1669, 1680, 1683, 1698, 1702, 1703, 1705, 1709, 1719, 1720, 1744, 1757, 1761, 1773, 1775, 1779, 1786, 1819, 1845, 1862, 1896, 1902, 1944, 1956, 1959, 1963, 2006, 2121, 2122, 2123, 2130, 2187, 2237, 2259, 2273, 2285, 2298, 2321, 2349, 2380, 2428, 2738, 2903, 2994, 3002, 3310, 3655, 3656, 3657, 3816, 3820, 3915, 3925, 4290, 4313, 4330"
969,Sham Shui Po,Pei Ho Street Municipal Services Building Cooked Food Centre (non-residential),12/08/2020,"1435, 1558, 1980, 1997, 2234, 4309"
970,Sham Shui Po,Po On Road Municipal Services Building (non-residential),12/08/2020,"2234, 2410, 2728, 2924, 3351, 3831, 3992, 4115, 4226, 4291"
971,Sha Tin,Freshall (Sha Kok Market) (non-residential),12/08/2020,"2294, 3250, 3619, 3642, 4267, 4268, 4310"
972,Eastern,Paradise Mall (non-residential),12/08/2020,"2927, 3085, 4304, 4437"
973,Kwun Tong,MTR Kowloon Bay Depot (non-residential),12/08/2020,"3317, 3966, 4292"
974,Sha Tin,Fortune City One Market (non-residential),12/08/2020,"3335, 4268"
975,Tuen Mun,Shan King Commercial Centre (non-residential),12/08/2020,"4005, 4373"
976,Yau Tsim Mong,Wah Yuen Factory Building (non-residential),12/08/2020,"4185, 4294"
977,Wong Tai Sin,Tower 1 Lions Rise (non-residential),12/08/2020,4191
978,Sha Tin,Courtyard By Marriott Hong Kong Sha Tin (non-residential),12/08/2020,4195
979,Sha Tin,"Building 16W, Phase 3, Hong Kong Science Park (non-residential)",12/08/2020,4198
980,Sha Tin,Hong Kong Science Park Food Lab (non-residential),12/08/2020,4198
981,Tsuen Wan,Citywalk Café De Coral (non-residential),12/08/2020,4217
982,Tsuen Wan,Kolour - Tsuen Wan I (non-residential),12/08/2020,4217
983,Tsuen Wan,Tsuen Wan Town Square (non-residential),12/08/2020,4217
984,Kowloon City,Maxim Mansion 聯發餐廳小廚 (non-residential),12/08/2020,4233
985,Kowloon City,Site 5 & 6 Wonderful Worlds of Whampoa (non-residential),12/08/2020,"4243, 4292"
986,Tsuen Wan,91 Sham Tseng Village Nittaya Restaurant (non-residential),12/08/2020,4277
987,Tsuen Wan,Bellagio Mall (non-residential),12/08/2020,4277
988,Tsuen Wan,Bellagio Mall Super Super Congee & Noodle (non-residential),12/08/2020,4277
989,Tsuen Wan,Belvedere Square (non-residential),12/08/2020,4277
990,Tsuen Wan,Chan Kee Commercial Centre (non-residential),12/08/2020,4277
991,Tsuen Wan,Rhine Garden McDonald's (non-residential),12/08/2020,4277
992,Tsuen Wan,Rhine Garden Shopping Centre (non-residential),12/08/2020,4277
993,Kwai Tsing,Chinabest International Centre (non-residential),12/08/2020,4291
994,Yau Tsim Mong,Park Summit Jade Palace Chinese Restaurant (non-residential),12/08/2020,4294
995,Kwun Tong,Shun Lee Market (non-residential),12/08/2020,"4294, 4311"
996,Wan Chai,Cathay Mansion McDonald's (non-residential),12/08/2020,4296
997,Wan Chai,Causeway Bay Plaza 1 UCC Coffee Shop (non-residential),12/08/2020,4296
998,Wan Chai,Disciplined Services Sports And Recreation Club (non-residential),12/08/2020,4296
999,Sha Tin,Grandeur Shopping Arcade (non-residential),12/08/2020,4296
1000,Sai Kung,Tsui Lam Market Place (non-residential),12/08/2020,"4297, 4298"
1001,Sai Kung,Tsui Lam Square (non-residential),12/08/2020,4297
1002,Eastern,Paradise Mall McDonald's (non-residential),12/08/2020,4304
1003,Tuen Mun,Leung King Plaza Fairwood (non-residential),12/08/2020,4308
1004,Tuen Mun,Leung Kit House Leung King Estate (non-residential),12/08/2020,4308
1005,Islands,Ying Tung Shopping Centre (non-residential),12/08/2020,4338
1006,Tuen Mun,Shan King Community Hall (non-residential),12/08/2020,4373
1007,Wan Chai,The Charterhouse (non-residential),12/08/2020,4387
1008,Yau Tsim Mong,The Ma Kam Chan Memorial Building of The Chinese University of Hong Kong - TWGHs Community College (non-residential),12/08/2020,4393
1009,Yau Tsim Mong,Cheong Wah Commercial Building (non-residential),12/08/2020,"4425, 4539"
1010,Sha Tin,64 Chui Tin Street (non-residential),12/08/2020,4429
1011,Yuen Long,Ho Shun Tai Building Peony Golden Court (non-residential),12/08/2020,4432
1012,Yuen Long,Hung Wan Centre Wealth Banquet (non-residential),12/08/2020,4432
1013,Eastern,Aldrich Garden Shopping Centre (non-residential),12/08/2020,4437
1014,Kowloon City,Tower 1 Laguna Verde (non-residential),12/08/2020,4469
1015,Sham Shui Po,Lok Fung Building (non-residential),12/08/2020,4479
1016,North,21 Wo Tai Street Hung Tai (non-residential),12/08/2020,4494
1017,North,Tin Ping Shopping Centre (non-residential),12/08/2020,4494
1018,Central & Western,Mandarin Oriental Hotel (non-residential),12/08/2020,4515
1019,Sham Shui Po,Cheung Sha Wan Government Offices (non-residential),13/08/2020,"1501, 1890, 2128, 4433"
1020,Wan Chai,Immigration Tower (non-residential),13/08/2020,"1542, 1584, 1765, 2104, 2134, 2448, 2696, 3026, 4482"
1021,Kwun Tong,Ngau Tau Kok Municipal Services Building (non-residential),13/08/2020,"1853, 2578, 2666, 3214, 3199, 3399, 3814, 3972, 4595"
1022,Tai Po,Tai Yuen Shopping Centre (non-residential),13/08/2020,"2090, 2854, 2991, 3390, 4438"
1023,Tsuen Wan,Tsuen Fung Centre (non-residential),13/08/2020,"3728, 4495"
1024,Eastern,Fortress Tower (non-residential),13/08/2020,4332
1025,Yuen Long,YOHO Mall II Café de Coral (non-residential),13/08/2020,4354
1026,Tuen Mun,Butterfly Market (non-residential),13/08/2020,4381
1027,Tuen Mun,K-point (non-residential),13/08/2020,4412
1028,Yuen Long,Po Shing Building (non-residential),13/08/2020,4433
1029,Tai Po,Fu Shin Shopping Centre Fairwood (non-residential),13/08/2020,4438
1030,Kowloon City,"Block 3, Housing Authority Headquarters (non-residential)",13/08/2020,4441
1031,Kowloon City,Lily Mansions Site 9 The Whampoa (non-residential),13/08/2020,4469
1032,Wong Tai Sin,Sik Sik Yuen Social Services Complex (non-residential),13/08/2020,4522
1033,Wan Chai,Lockhart House Tower A (non-residential),13/08/2020,4583
1034,Kowloon City,Hung Hom Municipal Services Building (non-residential),14/08/2020,"1723, 1760, 1765, 1877, 1965, 2058, 2116, 2296, 2316, 2341, 2902, 3185, 3188, 3290, 3464, 3643, 3648, 3668, 3731, 4165, 4595"
1035,Kwun Tong,Sau Mau Ping Shopping Centre (non-residential),14/08/2020,"1863, 1865, 1897, 2031, 2035, 2071, 2449, 2623, 2902, 4529"
1036,Tsuen Wan,OP Mall (non-residential),14/08/2020,"2529, 2690, 4495"
1037,Kwun Tong,Tsui Ping (North) Shopping Circuit (non-residential),14/08/2020,"2807, 2833, 3055, 4148, 4372"
1038,Kwai Tsing,Tai Wo Hau Shopping Centre (non-residential),14/08/2020,"3172, 4225, 4389"
1039,Wan Chai,Haven Court (non-residential),14/08/2020,"3664, 4199, 4401"
1040,North,Metropolis Plaza (non-residential),14/08/2020,"3975, 4494"
1041,Kwun Tong,1 Hung To Road No. 1 Hung To Canteen (non-residential),14/08/2020,"4186, 4387"
1042,Kwun Tong,Tsui Ping (North) Estate Café 100% (non-residential),14/08/2020,4372
1043,Central & Western,Kennedy Town Community Complex (non-residential),14/08/2020,4378
1044,Kwai Tsing,Kwai Chung Plaza 孖寶車仔麵 (non-residential),14/08/2020,4381
1045,Central & Western,Sunwise Building Cafe Seasons (non-residential),14/08/2020,4402
1046,Yau Tsim Mong,The Luxe Manor (non-residential),14/08/2020,4407
1047,Yuen Long,Hop Yick Plaza (non-residential),14/08/2020,4432
1048,Tuen Mun,Hanford Garden (non-residential),14/08/2020,4455
1049,Kwai Tsing,Yin Lai Court Shopping Centre Café de Coral (non-residential),14/08/2020,4457
1050,Kwai Tsing,Lai King Estate Carnival Restaurant (non-residential),14/08/2020,4460
1051,Kwai Tsing,Kwai Fong Plaza (non-residential),14/08/2020,4480
1052,Yau Tsim Mong,Victoria Mall (non-residential),14/08/2020,4491
1053,Kowloon City,Radio Television Hong Kong Broadcasting House (non-residential),14/08/2020,4524
1054,Wong Tai Sin,Po Tsui Mansion (non-residential),14/08/2020,4535
1055,Wong Tai Sin,Manning Theater Building Ka Fung Restaurant (non-residential),14/08/2020,4543
1056,Kowloon City,Foka Building 東門冰室 (non-residential),14/08/2020,"4549, 4550"
1057,Tai Po,Jade Plaza (non-residential),14/08/2020,4573
1058,Tai Po,Tai Yuen Shopping Centre Old Store (non-residential),14/08/2020,4573
1059,Kowloon City,Lux Theatre Building Fulum Fishman's Wharf Restaurant (non-residential),14/08/2020,4595
1060,Kowloon City,St. Teresa’s hospital (non-residential),14/08/2020,4595
1061,Yau Tsim Mong,Grand Century Place (non-residential),14/08/2020,4603
1062,Wan Chai,Tower 535 (non-residential),14/08/2020,4614
1063,Tuen Mun,San Hui Market (non-residential),15/08/2020,"1471, 1561, 1907, 1931, 2154, 2381, 2458, 2493, 2598, 2691, 2889, 3386, 3395, 3742, 4446"
1064,Yuen Long,Tai Kiu Market (non-residential),15/08/2020,"1471, 1561, 2286, 2995, 3460, 3480, 3966, 4034, 4337, 4521"
1065,North,Luen Wo Hui Municipal Services Building (non-residential),15/08/2020,"1568, 2167, 2357, 2770, 2991, 4638"
1066,Tsuen Wan,Yeung Uk Road Municipal Services Building (non-residential),15/08/2020,"1652, 1859, 2196, 2261, 2239, 3047, 3117, 3244, 3254, 3976, 4022, 4023, 4024, 4177, 4217, 4413, 4457, 4540"
1067,North,Shek Wu Hui Municipal Services Building (non-residential),15/08/2020,"1947, 1989, 2053, 2072, 2179, 2284, 2393, 2576, 2912, 2913, 3207, 3536, 3948, 4003, 4027, 4105, 4143, 4423"
1068,Yuen Long,Tung Yick Market (non-residential),15/08/2020,"2172, 3318, 3480, 4521, 4537"
1069,Tuen Mun,Yan Tin Market (non-residential),15/08/2020,"3803, 4577"
1070,Kwai Tsing,Kwai Chung Plaza Café de Coral (non-residential),15/08/2020,"3871, 4416, 4417"
1071,Kowloon City,Ka Wai Chuen Ka Lim Lau McDonald's (non-residential),15/08/2020,4345
1072,Tsuen Wan,Indi home (non-residential),15/08/2020,"4413, 4540"
1073,Tsuen Wan,Indi home Green River Restaurant (non-residential),15/08/2020,4413
1074,Tsuen Wan,Indi home Maxim's MX (non-residential),15/08/2020,4413
1075,Kwai Tsing,MTR Kwai Fong Station (non-residential),15/08/2020,"4416, 4460, 4480"
1076,Wong Tai Sin,Hsin Kuang Centre 廣東燒味餐廳 (non-residential),15/08/2020,4419
1077,Kowloon City,78 Wuhu Street 平記咖啡冰室 (non-residential),15/08/2020,4425
1078,Kwai Tsing,Yin Lai Court Shopping Centre (non-residential),15/08/2020,4444
1079,Yau Tsim Mong,2W-2X Sai Yeung Choi Street South 101 Taiwanese (non-residential),15/08/2020,4447
1080,Wong Tai Sin,Lee Ka Factory Building (non-residential),15/08/2020,4447
1081,Sai Kung,Lohas Park Wings at Sea Tower 1A (non-residential),15/08/2020,4447
1082,Kwun Tong,Telford Plaza II Xiao Wang Beef Noodle (non-residential),15/08/2020,4447
1083,Yuen Long,Yuccie Square (non-residential),15/08/2020,4447
1084,Tuen Mun,Tai Hing Garden Phase 2 Shopping Centre (non-residential),15/08/2020,4448
1085,Kwai Tsing,Rambler Oasis Hotel (non-residential),15/08/2020,4454
1086,Yuen Long,Tin Chak Shopping Centre (non-residential),15/08/2020,"4456, 4496"
1087,Yuen Long,Tin Chak Shopping Centre Café 100% (non-residential),15/08/2020,4456
1088,Sham Shui Po,66 Pei Ho Street 榮華茶餐廳 (non-residential),15/08/2020,4458
1089,Kwun Tong,Kowloonbay International Trade & Exhibition Centre Tomato Club (non-residential),15/08/2020,4468
1090,Kowloon City,Tai Fung House (non-residential),15/08/2020,4471
1091,Eastern,Siu Sai Wan Plaza Green River Restaurant (non-residential),15/08/2020,4475
1092,Kwun Tong,Hiu Lai Shopping Centre (non-residential),15/08/2020,4529
1093,Yuen Long,Tung Yick Building (non-residential),15/08/2020,4537
1094,Eastern,Fitfort Café de Coral (non-residential),15/08/2020,4547
1095,Eastern,Phase 1 Healthy Village McDonald's (non-residential),15/08/2020,4547
1096,Yuen Long,Kingswood Ginza (non-residential),15/08/2020,4561
1097,Yuen Long,Kingswood Ginza Café 100% (non-residential),15/08/2020,4561
1098,Yau Tsim Mong,Eaton Hotel Superdon Express (non-residential),15/08/2020,4607
1099,Yau Tsim Mong,Sheung On House Koon Thai Hai Nam Chicken (non-residential),15/08/2020,4607
1100,Yau Tsim Mong,Langham Place (non-residential),16/08/2020,"1297, 1641, 2008, 2186, 3296, 3369, 3386, 3826, 4447, 4573"
1101,Tuen Mun,Chelsea Heights (non-residential),16/08/2020,"2177, 2598, 4448"
1102,Central & Western,Melbourne Plaza (non-residential),16/08/2020,"2485, 2529, 4338"
1103,Sha Tin,Tai Wai Market (non-residential),16/08/2020,"2583, 2693, 2816, 3033, 4505"
1104,Kwai Tsing,Metroplaza (non-residential),16/08/2020,"3521, 4164, 4175, 4338"
1105,Central & Western,LHT Tower (non-residential),16/08/2020,4338
1106,Kwai Tsing,Metroplaza Nha Trang Vietnamese Cuisine (non-residential),16/08/2020,4338
1107,Tuen Mun,Tai Hing Garden Phase 1 Shopping Centre (non-residential),16/08/2020,4448
1108,North,Tsz Jing House Po Shek Wu Estate (non-residential),16/08/2020,4494
1109,Sham Shui Po,Heya Star Café de Itamomo (non-residential),16/08/2020,4498
1110,Sha Tin,Li Fung Centre (non-residential),16/08/2020,4511
1111,Kwun Tong,Exchange Tower (non-residential),16/08/2020,4522
1112,Eastern,Fitfort Dondonya (non-residential),16/08/2020,4547
1113,Tai Po,Fu Heng Shopping Centre (non-residential),16/08/2020,"4573, 4644"
1114,Yau Tsim Mong,Eaton Hotel (non-residential),16/08/2020,4607
1115,Yau Tsim Mong,The Royal Garden (non-residential),16/08/2020,"4614, 4616"
1116,Sha Tin,MTR Sha Tin Wai Station (non-residential),16/08/2020,4645
1117,Wong Tai Sin,Plaza Hollywood (non-residential),17/08/2020,"1665, 1845, 2024, 2139, 3235, 3379, 3745, 4553"
1118,Tai Po,Tai Po Complex (non-residential),17/08/2020,"1942, 1999, 2120, 2339, 2991, 3490, 4106, 4644"
1119,Yau Tsim Mong,Royal Plaza Hotel (non-residential),17/08/2020,"2099, 3711, 3712, 4596"
1120,Kwun Tong,Sau Mau Ping Shopping Centre Café de Coral (non-residential),17/08/2020,"2440, 2449, 4608"
1121,Yuen Long,Long Ping Commercial Centre (non-residential),17/08/2020,"3967, 4337, 4555"
1122,Sham Shui Po,Un Chau Shopping Centre (non-residential),17/08/2020,"4498, 4586"
1123,Tuen Mun,Yuet Tin House Yan Tin Estate 安泰燒臘餐廳 (non-residential),17/08/2020,"4517, 4548"
1124,Eastern,Yue Wan Market (non-residential),17/08/2020,4526
1125,Sham Shui Po,Wing Kut Industrial Building Hoi Fa Kit Guo (non-residential),17/08/2020,4536
1126,Eastern,Fitfort (non-residential),17/08/2020,4547
1127,Tuen Mun,Yan Tin Market Yan Tin Estate Tong Kee Bao Dim (non-residential),17/08/2020,4548
1128,Wan Chai,CNT Tower Tao Heung (non-residential),17/08/2020,4557
1129,Kowloon City,Pebbles World Wonderful Worlds of Whampoa Green River Restaurant (non-residential),17/08/2020,4595
1130,Yau Tsim Mong,Fortune Crest Nam Kee Spring Roll Noodle Co. Ltd (non-residential),17/08/2020,4603
1131,Yau Tsim Mong,The Forest (non-residential),17/08/2020,4604
1132,Yau Tsim Mong,Sun Ming Building (non-residential),17/08/2020,4607
1133,Kwun Tong,Sau Mau Ping Shopping Centre Tong Kee Bao Dim (non-residential),17/08/2020,4608
1134,Tsuen Wan,"57-61, Lo Tak Court (non-residential)",17/08/2020,4646
1135,Yau Tsim Mong,ELEMENTS (non-residential),18/08/2020,"1715, 3057, 4011, 4077, 4569"
1136,Sham Shui Po,Shek Kip Mei Commercial Centre (non-residential),18/08/2020,"1813, 1881, 1927, 2067, 2418, 2688, 3038, 3621, 3862, 4309, 4605"
1137,Sai Kung,Beverly Garden Shopping Centre (non-residential),18/08/2020,"2066, 2537, 4571"
1138,Eastern,Sai Wan Ho Municipal Services Building (non-residential),18/08/2020,"2200, 2788, 3049, 3061, 4647"
1139,Yau Tsim Mong,Sino Centre (non-residential),18/08/2020,"2398, 3371, 4207, 4569"
1140,Tsuen Wan,Shing Mun Tunnel Administration Building (non-residential),18/08/2020,"4426, 4553"
1141,Tuen Mun,New Town Commercial Arcade (non-residential),18/08/2020,"4448, 4546"
1142,Eastern,Hing Wah Plaza (non-residential),18/08/2020,4526
1143,Tsuen Wan,Discovery Park Chef's Stage Kitchen (non-residential),18/08/2020,4546
1144,Central & Western,Wayson Commercial Building (non-residential),18/08/2020,4546
1145,Yau Tsim Mong,Kam Wah Building (non-residential),18/08/2020,4569
1146,Kwun Tong,Wing Cheung Industrial Building (non-residential),18/08/2020,4571
1147,Wan Chai,Wanchai Market (non-residential),18/08/2020,4574
1148,Yau Tsim Mong,Lee Hing Building (non-residential),18/08/2020,"4582, 4600"
1149,Kowloon City,Tak Shing Mansion (non-residential),18/08/2020,"4583, 4655"
1150,Kwun Tong,Lam Tin Complex (non-residential),18/08/2020,4595
1151,Yau Tsim Mong,6F & 6G Nelson Street (non-residential),18/08/2020,4596
1152,Yau Tsim Mong,Oasis Avenue - A GDH Hotel (non-residential),18/08/2020,4596
1153,Sham Shui Po,Dragon Centre (non-residential),18/08/2020,4600
1154,Yau Tsim Mong,T.O.P This is our place (non-residential),18/08/2020,4607
1155,Islands,Regal Airport Hotel (non-residential),18/08/2020,4615
1156,Yau Tsim Mong,Mira Place Tower A (non-residential),18/08/2020,4616
1157,Tuen Mun,Tuen Maun Central Square (non-residential),18/08/2020,4629
1158,Yau Tsim Mong,128 Fa Yuen Street (non-residential),18/08/2020,4635
1159,Tai Po,Fu Heng Shopping Centre Café de Coral (non-residential),18/08/2020,4644
1160,Kwai Tsing,Kwai Chung Plaza (non-residential),19/08/2020,"1820, 1996, 2332, 2455, 2459, 2465, 2602, 3018, 3026, 3040, 3058, 4495, 4640"
1161,Sha Tin,Mei Tin Shopping Centre (non-residential),19/08/2020,"2136, 3105, 4600"
1162,Tuen Mun,Leung King Plaza (non-residential),19/08/2020,"2319, 2707, 3582, 4286, 4309, 4339, 4374, 4412, 4430, 4431, 4467, 4599, 4658"
1163,Sha Tin,New Town Plaza (non-residential),19/08/2020,"3415, 3571, 3910, 4600"
1164,Yuen Long,Tin Yiu Plaza (non-residential),19/08/2020,"3887, 3904, 4207, 4365, 4651"
1165,Tuen Mun,Leung King Plaza Kam Tai Pan (non-residential),19/08/2020,"4412, 4599, 4628, 4658"
1166,Tuen Mun,Leung King Plaza Café de Itamomo (non-residential),19/08/2020,4598
1167,Kwun Tong,AIA Kowloon Tower (non-residential),19/08/2020,4600
1168,Tai Po,Pauline Building Wah Fai Restaurant and Cake Shop (non-residential),19/08/2020,4602
1169,Tai Po,Wah Lok Building Luk Yee Kui Restaurant (non-residential),19/08/2020,4602
1170,Central & Western,Flourish Court (non-residential),19/08/2020,4607
1171,Central & Western,Goldwin Heights (non-residential),19/08/2020,4607
1172,Yau Tsim Mong,Newish Mansion McDonald’s (non-residential),19/08/2020,4637
1173,Wong Tai Sin,41 Po Kong Village Road (non-residential),19/08/2020,4641
1174,Yuen Long,Tin Shing Shopping Centre (non-residential),19/08/2020,4651
1175,Kowloon City,Kowloon City Law Courts Building (non-residential),20/08/2020,"3310, 3383, 4641"
1176,Yau Tsim Mong,Tak Bo Building (non-residential),20/08/2020,"4569, 4637"
1177,Yau Tsim Mong,Yau Shing Commercial Centre Café de Coral (non-residential),20/08/2020,"4573, 4637"
1178,Sha Tin,Sun Chui Shopping Centre KFC (non-residential),20/08/2020,4613
1179,Sha Tin,Sun Chui Shopping Centre McDonald’s (non-residential),20/08/2020,4613
1180,Kowloon City,Wearbest Building (non-residential),20/08/2020,4627
1181,Yuen Long,MTR Tin Shui Wai Station (non-residential),20/08/2020,4651
1182,Yau Tsim Mong,111 Tung Choi Street Fung Mei Yuen Restaurant (non-residential),20/08/2020,4654
1183,Yau Tsim Mong,King Wah Centre (non-residential),20/08/2020,4654
1184,Kowloon City,67 Pak Tai Street (non-residential),21/08/2020,4636
1185,Central & Western,Wing On Centre (non-residential),21/08/2020,4636
1186,Kwai Tsing,CHT Tower (non-residential),21/08/2020,4638
1187,Eastern,114 Shau Kei Wan Road (non-residential),21/08/2020,"4638, 4647"
1188,Tsuen Wan,37 Ho Pui Street (non-residential),21/08/2020,4657
1189,Tuen Mun,Lin Wong Building (non-residential),21/08/2020,4657
